"","plot","pNDVIvalues","pGNDVIvalues","pGDVI2values","pREDvalues","pGREvalues","pNIRvalues","pREGvalues","ndvipercent.1","gndvipercent.1","gdvi2percent.1","ndvipercent.25","gndvipercent.25","gdvi2percent.25","ndviavg.1","gndviavg.1","gdvi2avg.1"
"1",1,0.460855932833687,0.490718249385938,0.729736923456482,3232.34278243528,3031.88261046313,9208.32999308664,6749.45306821037,0.999962602842184,1,1,0.977038145100972,0.99981301421092,0.999663425579656,0.460870859896993,0.490718249385938,0.729736923456482
"2",2,0.679163470876245,0.639111196631709,0.906746733360356,2487.32900502371,2951.00573826284,13938.4538385724,9201.79393920571,0.99817167354916,0.999117359644422,0.998991268165054,0.977334342096967,0.995807326145892,0.997225987453898,0.680367120662073,0.639697015505048,0.907707478101696
"3",3,0.497531304424536,0.508576520303775,0.775656735442868,2693.28790584298,2639.16318128606,8282.58120136563,6153.89384766103,1,0.999853034830745,1,0.993043648655269,0.998383383138196,0.999951011610248,0.497531304424536,0.508644061046436,0.775656735442868
"4",4,0.743969836656947,0.683208565510455,0.945153817617969,1938.44167276264,2634.37609798168,14884.895799504,9941.923764489,1,0.999728776783293,1,0.99951782539252,0.998252117047886,1,0.743969836656947,0.683385476492902,0.945153817617969
"5",5,0.663565891938545,0.628975548822294,0.900095918123783,2293.05953829587,2688.42154205721,12522.0566197162,8812.45543066981,1,1,1,0.999752954255363,1,1,0.663565891938545,0.628975548822294,0.900095918123783
"6",6,0.589196899129104,0.575151068264194,0.863545357640425,2500.83604059861,2627.33144626026,9939.27622269797,6695.70219503074,1,1,1,0.999932191896932,1,1,0.589196899129104,0.575151068264194,0.863545357640425
"7",7,0.711438217210044,0.665138700506642,0.935793651204251,2313.67987877135,2691.1101483439,13706.2169609748,8553.34475301772,1,1,1,1,1,1,0.711438217210044,0.665138700506642,0.935793651204251
"8",8,0.667884473552334,0.600289686308602,0.913898108446566,2775.32016042351,3480.08545589986,13661.0523374481,8975.03326135094,1,1,1,1,0.999771338973639,1,0.667884473552334,0.600289686308602,0.913898108446566
"9",9,0.660623904174901,0.61396929726308,0.906168641340104,2550.70612297526,3005.16477594528,12846.5479927633,8210.95355470093,1,1,1,1,1,1,0.660623904174901,0.61396929726308,0.906168641340104
"10",10,0.680978721836584,0.630473318419583,0.909032160386802,3556.43770437575,4082.62396346332,17448.4385341316,11598.262848534,1,1,1,0.99928405738996,1,1,0.680978721836584,0.630473318419583,0.909032160386802
"11",11,0.562024268131784,0.561503007672014,0.832173084750557,2908.35819765334,2989.24409870698,11092.9391549041,7317.44397209171,1,1,1,0.999924462741247,1,1,0.562024268131784,0.561503007672014,0.832173084750557
"12",12,0.670462732851172,0.624152936452086,0.902464224139411,3760.44378357263,4299.62073873122,18260.5280282825,12002.2969196595,0.999868493727151,1,0.99997369874543,0.995791799268825,0.999658083690592,0.999789589963441,0.670543134042183,0.624152936452086,0.902486798321257
"13",13,0.645964420119384,0.615551913856604,0.902873785155635,2650.21618323804,2958.1475735772,12628.3043857203,8068.28915098438,1,1,1,1,1,1,0.645964420119384,0.615551913856604,0.902873785155635
"14",14,0.743385105955784,0.652683476157798,0.953089427511135,2184.07354560845,3201.61742683691,15440.1675382976,10246.1639833597,1,1,1,0.999842717835797,0.999874174268638,1,0.743385105955784,0.652683476157798,0.953089427511135
"15",15,0.669597741243438,0.629611863073133,0.910981033904982,2346.877985635,2785.90908835794,12747.6513736624,8251.8421811696,1,1,1,0.999939311181915,1,1,0.669597741243438,0.629611863073133,0.910981033904982
"16",16,0.64129257700248,0.625485367444353,0.887426657896407,2222.62640367075,2482.04181250438,11552.303433558,7348.43809631166,0.999870951090463,0.999903213317847,0.999935475545232,0.999677377726158,0.999741902180927,0.999838688863079,0.64137213363105,0.625542624876659,0.887488059413474
"17",17,0.604375662022511,0.596575963401458,0.86743876667515,2595.39637128944,2733.96936457345,11198.8195258717,7501.94528318588,1,1,1,0.999165061014772,1,1,0.604375662022511,0.596575963401458,0.86743876667515
"18",18,0.524241954293475,0.551341051334395,0.801561252117431,2662.86461141204,2503.06700565567,9020.09314588607,6007.10892416859,1,1,1,0.998622499180059,1,1,0.524241954293475,0.551341051334395,0.801561252117431
"19",19,0.335314887659185,0.426764202710673,0.587678344267903,4338.71438833793,3492.06827020936,8766.34735698034,6422.01873887165,0.999806145197247,1,1,0.944422902933954,0.999935381732416,0.998869253384163,0.335361790770927,0.426764202710673,0.587678344267903
"20",20,0.693159823201895,0.605735558920074,0.928172924751783,2189.76631889069,3071.37677545873,12794.8521249024,9200.97755442742,1,1,1,0.999916532190752,0.99938790273218,1,0.693159823201895,0.605735558920074,0.928172924751783
"21",21,0.731250800619157,0.639652297877593,0.950389779291696,2391.49772915372,3424.30415001327,15573.7712041702,11059.3836749117,1,1,1,1,1,1,0.731250800619157,0.639652297877593,0.950389779291696
"22",22,0.731322559933662,0.656918414690766,0.947407183460181,2193.13114342323,2971.25656198684,14438.3942851027,10376.8551174856,0.999971656935548,1,1,0.999631540162122,0.999574854033218,0.999971657738854,0.73134157178823,0.656918414690766,0.947407183460181
"23",23,0.747076521024226,0.662589906530708,0.950035153282628,2171.13845319343,3167.7865908528,15947.2324212506,11546.8509929334,1,0.999924775266107,1,1,0.999811938165269,1,0.747076521024226,0.662639312775697,0.950035153282628
"24",24,0.692207988241251,0.654856587030221,0.924905111588272,2269.34454342546,2673.76173778204,13329.0386116434,8820.37109499723,1,1,1,0.999418003103983,1,1,0.692207988241251,0.654856587030221,0.924905111588272
"25",25,0.614002268388624,0.59050847018838,0.87669028046375,2713.0071648264,2918.56029773904,11451.7340433233,7449.922431021,1,1,1,0.999827770314491,1,1,0.614002268388624,0.59050847018838,0.87669028046375
"26",26,0.786559908887783,0.670669315402876,0.969074432730358,1771.63677039159,3017.35035705382,15462.6708606935,10180.8851432344,1,1,1,1,1,1,0.786559908887783,0.670669315402876,0.969074432730358
"27",27,0.734581364017983,0.600773791161878,0.95158761708735,2075.05084364617,3493.52610075661,14075.6603743295,9849.85162910513,1,1,1,1,1,1,0.734581364017983,0.600773791161878,0.95158761708735
"28",28,0.762648876063373,0.665208824449766,0.958418198706697,2098.94259111796,3240.75038434546,16404.4255069147,10614.6905023571,1,1,1,0.999919218030536,1,0.999973071951745,0.762648876063373,0.665208824449766,0.958418198706697
"29",29,0.753900175894641,0.706476443061644,0.954674811669079,2086.12704538239,2642.04030211228,16028.9415068915,9061.95013073512,1,1,1,1,0.99986936216075,1,0.753900175894641,0.706476443061644,0.954674811669079
"30",30,0.65315477483795,0.616609734772929,0.904275333668857,2136.15957273648,2468.25838086364,10872.3017824568,6451.34667948913,1,1,1,0.9987254652052,0.99961763956156,0.99996813663013,0.65315477483795,0.616609734772929,0.904275333668857
"31",31,0.760250016307141,0.6553088554768,0.956423044408953,2171.05375207994,3527.97397765419,17229.3500216938,10957.1466086158,1,1,1,1,0.999968418393128,1,0.760250016307141,0.6553088554768,0.956423044408953
"32",32,0.70132097930641,0.634548689360337,0.937712565606195,2463.70757504909,3160.92531305227,14239.8206266547,9167.1252031046,1,1,1,1,1,1,0.70132097930641,0.634548689360337,0.937712565606195
"33",33,0.638033310077068,0.626376222599414,0.891019687234148,2462.11533364727,2556.24575755839,11543.29415118,7325.15175195155,0.999892588614393,1,0.999919443623963,0.999006444683136,0.999973147153598,0.999892591498617,0.638096737802326,0.626376222599414,0.891086018381518
"34",34,0.731574449761093,0.688993525575778,0.942913973338602,2011.95971744449,2513.29424168854,14455.5403902839,8223.45249433484,1,1,1,0.999920021327646,1,1,0.731574449761093,0.688993525575778,0.942913973338602
"35",35,0.67823062110336,0.646553862481149,0.916125371451668,2317.62291773395,2696.23087613465,12982.9276697211,8316.67633962996,1,1,1,0.999795081967213,0.999897540983607,1,0.67823062110336,0.646553862481149,0.916125371451668
"36",36,0.686631733267277,0.637028187432538,0.921969074387918,2135.17327751547,2664.32974924919,12493.6025582393,8003.82488141585,1,1,1,0.999404034685181,0.999970201734259,1,0.686631733267277,0.637028187432538,0.921969074387918
"37",37,0.689134233774504,0.606358135949097,0.923514605523514,2369.71488467554,3256.99439491823,13564.9858574469,9324.77084998752,0.999970328170435,1,1,0.998724111328705,0.99994065634087,0.999970328170435,0.689152136164275,0.606358135949097,0.923514605523514
"38",38,0.617725263004236,0.570498027344279,0.863315333831346,2555.91113194057,3035.16488181341,11679.3483981541,8383.93896419707,1,1,1,0.999315476190476,0.999791666666667,1,0.617725263004236,0.570498027344279,0.863315333831346
"39",39,0.731220195812364,0.651306298649423,0.943503372310646,2685.27834464704,3632.56408470604,16740.04712236,11843.0493012126,1,1,1,0.999968377446795,0.99987350978718,1,0.731220195812364,0.651306298649423,0.943503372310646
"40",40,0.440382035324695,0.491323856101368,0.724089312165357,2465.12418848863,2183.78831036666,6575.96008564916,5070.1209906177,1,1,1,0.999429748138761,1,1,0.440382035324695,0.491323856101368,0.724089312165357
"41",41,0.781155311153628,0.727056555257407,0.96817663094046,2077.60373011289,2697.8123729046,17272.3300380024,12085.8455523722,1,1,1,1,1,1,0.781155311153628,0.727056555257407,0.96817663094046
"42",42,0.734823252677765,0.667782535487821,0.946457409991937,2254.89504998399,3019.87010831263,15287.3336576604,10464.6100919814,1,1,1,1,1,1,0.734823252677765,0.667782535487821,0.946457409991937
"43",43,0.740610392952075,0.613920660698086,0.950885995169266,2164.36835573874,3571.24215317024,15206.7495820504,10643.0990917167,1,1,1,1,1,1,0.740610392952075,0.613920660698086,0.950885995169266
"44",44,0.50513501618221,0.498394588079287,0.777170096205552,3012.248134938,3104.92341231563,9598.11893481485,6722.26760493321,1,1,1,1,1,1,0.50513501618221,0.498394588079287,0.777170096205552
"45",45,0.800705196509817,0.678473664527017,0.972735429824675,1763.96197593769,3170.8533127866,16778.5479033944,10808.7898145435,1,1,1,1,1,1,0.800705196509817,0.678473664527017,0.972735429824675
"46",46,0.752581383625821,0.685803721928162,0.958930662289831,1847.16332787939,2471.40716999074,13464.7637529178,7680.68487673225,1,1,1,1,1,1,0.752581383625821,0.685803721928162,0.958930662289831
"47",47,0.72760812936014,0.66312079527788,0.943463221879549,1777.67128053584,2384.60856736523,12482.9069472998,7340.1707892797,1,1,1,0.999770401469431,1,1,0.72760812936014,0.66312079527788,0.943463221879549
"48",48,0.488314791752457,0.491764442568664,0.776109590947885,2448.59813387438,2501.30785469294,7590.16942655678,4683.16974739411,1,1,1,0.999712404933853,0.999808269955902,1,0.488314791752457,0.491764442568664,0.776109590947885
"49",49,0.755476855366672,0.645487552952708,0.957975796718197,2197.16674658323,3498.99308075153,16601.9282527855,10586.3587220821,1,1,1,1,1,1,0.755476855366672,0.645487552952708,0.957975796718197
"50",50,0.77453697051068,0.663430614286577,0.964221017902412,2096.16447691136,3449.55512431109,17345.4730060721,11271.4925969721,1,1,1,1,1,1,0.77453697051068,0.663430614286577,0.964221017902412
"51",51,0.611631288666576,0.551546814568414,0.881493873511829,2568.55036701255,3095.68463527399,10886.662927141,7383.85859528318,1,1,1,1,1,1,0.611631288666576,0.551546814568414,0.881493873511829
"52",52,0.698845140700835,0.617517696132631,0.925793456683419,2327.32957849054,3280.37381711576,14182.454770461,9582.2314610964,1,1,1,0.999764692040708,0.999735278545797,1,0.698845140700835,0.617517696132631,0.925793456683419
"53",53,0.619689323335094,0.564986814534543,0.881194700311595,3067.38614708796,3690.61856903135,13106.2313456642,8782.86839551579,1,1,1,0.9998352336387,0.99980228036644,1,0.619689323335094,0.564986814534543,0.881194700311595
"54",54,0.706954722774619,0.633202533668497,0.931193791753709,2250.23327870385,3090.5576162567,14125.1202647023,9314.67348474769,1,1,1,0.998133265835601,0.999462127444156,1,0.706954722774619,0.633202533668497,0.931193791753709
"55",55,0.786946369601914,0.679690130166271,0.968279472075948,1898.75331824791,3113.3876756433,16646.5477063372,11314.4905977159,1,1,1,1,1,1,0.786946369601914,0.679690130166271,0.968279472075948
"56",56,0.737625931881067,0.661088455097699,0.947242788457966,1648.23847798507,2313.49772407616,11804.9967280388,7811.21084975224,1,1,1,1,1,1,0.737625931881067,0.661088455097699,0.947242788457966
"57",57,0.739911405195755,0.662671602817894,0.947160559350794,1842.4501904516,2538.91611862008,12712.7510319371,8479.57857515876,1,1,1,1,0.999885408708938,1,0.739911405195755,0.662671602817894,0.947160559350794
"58",58,0.790140275864486,0.695970122689749,0.969469361702163,1725.47074973224,2710.62187072759,15372.5767699756,10768.8519174702,1,1,1,1,0.999940456697133,1,0.790140275864486,0.695970122689749,0.969469361702163
"59",59,0.7611636609683,0.704125415563251,0.961493005191425,1878.77959852492,2437.5713954551,14300.7167787304,9571.99554775659,1,1,1,1,1,1,0.7611636609683,0.704125415563251,0.961493005191425
"60",60,0.751422981239728,0.697245574845326,0.949682007535086,2039.37354230103,2595.63088515205,15144.7110377082,9599.720957372,1,1,1,1,1,1,0.751422981239728,0.697245574845326,0.949682007535086
"61",61,0.747553737054834,0.65715660998894,0.951601314318354,2028.74102106744,3013.61201433644,14893.4282616215,9610.4997881911,1,1,1,1,1,1,0.747553737054834,0.65715660998894,0.951601314318354
"62",62,0.786338175524712,0.660433321174478,0.96742073893913,1808.56025255872,3220.94685193276,16045.1052466496,10574.5410794973,1,1,1,1,1,1,0.786338175524712,0.660433321174478,0.96742073893913
"63",63,0.778008842620501,0.681396800013483,0.963962272905994,1629.97472508182,2588.45403717484,14238.1779928364,8844.37422048968,1,1,1,1,1,1,0.778008842620501,0.681396800013483,0.963962272905994
"64",64,0.752965251630723,0.623926810686173,0.955986210207276,2017.04245125173,3424.30550803208,14987.7580869155,10213.6667917763,1,1,1,1,1,1,0.752965251630723,0.623926810686173,0.955986210207276
"65",65,0.42566026053579,0.462773242916435,0.709693832179725,2900.13905623123,2640.10309328642,7245.62247803919,4738.97561504707,1,1,1,0.999941523887492,1,1,0.42566026053579,0.462773242916435,0.709693832179725
"66",66,0.67967591656787,0.602353455644346,0.91481279604064,2436.7655022989,3266.60851591987,13711.1904368533,8599.27232384599,1,1,1,1,1,1,0.67967591656787,0.602353455644346,0.91481279604064
"67",67,0.703348859922423,0.627017139152859,0.926784953874853,2302.68026040742,3091.78911467534,14048.1694266446,8524.25611855207,1,1,1,0.998487280810077,0.998734255371697,1,0.703348859922423,0.627017139152859,0.926784953874853
"68",68,0.713813234305509,0.622592187056681,0.939633290524175,2098.31826368828,2996.03240245583,13133.3149723827,8384.73210977134,1,1,1,1,1,1,0.713813234305509,0.622592187056681,0.939633290524175
"69",69,0.746001592932348,0.668258321645506,0.952891003219121,2179.12985809778,3060.19534618462,15770.3102157321,10442.8470866697,1,1,1,1,1,1,0.746001592932348,0.668258321645506,0.952891003219121
"70",70,0.769408787844745,0.662201437464666,0.962228155491648,2072.34607746269,3339.37136146882,16752.8396063876,11127.8029205393,1,1,1,1,1,1,0.769408787844745,0.662201437464666,0.962228155491648
"71",71,0.596587791993381,0.566561101279159,0.856569296586074,2443.67390451546,2799.14888850344,10799.3609991745,7169.72522189539,1,1,1,0.9998223296141,0.99992893184564,1,0.596587791993381,0.566561101279159,0.856569296586074
"72",72,0.716955923442036,0.609780066988249,0.942133007157903,2192.6536714752,3330.02443953863,14033.7345541447,9601.24705710766,1,1,1,1,1,1,0.716955923442036,0.609780066988249,0.942133007157903
"73",73,0.789756170540563,0.703917975479919,0.966046471522128,1595.64493763624,2473.2387950966,14867.5956529358,9737.81093923767,1,1,1,1,1,1,0.789756170540563,0.703917975479919,0.966046471522128
"74",74,0.830717046355699,0.713091345297934,0.980671325815391,1505.99967850473,2779.4652442642,16767.3960579218,11511.3604242333,1,1,1,1,1,1,0.830717046355699,0.713091345297934,0.980671325815391
"75",75,0.823938085792582,0.739914394467031,0.975132817682728,1295.7906315596,2109.54998043092,14845.0207903874,9584.40491070807,0.998986663179916,0.999019351464435,0.999084728033473,0.998790533472803,0.998725156903766,0.998986663179916,0.824881377920446,0.740770267333264,0.976236682163863
"76",76,0.754566389329465,0.649301869056557,0.952929717827306,1663.85939929481,2639.5113070855,12989.6305940872,9763.70072061479,1,1,1,1,1,1,0.754566389329465,0.649301869056557,0.952929717827306
"77",77,0.754351041829828,0.708229948203543,0.959527801804516,1935.98464641318,2378.71909968746,14033.326692424,9383.28983735223,1,1,1,1,1,1,0.754351041829828,0.708229948203543,0.959527801804516
"78",78,0.749809515930998,0.678589348161655,0.955255848778132,1666.62680344219,2329.49667675483,12403.1603741475,8138.94698797854,1,0.999966761949079,1,0.999900285847238,0.999867047796317,1,0.749809515930998,0.678609953868007,0.955255848778132
"79",79,0.765608672633199,0.669802705131515,0.960336450164425,2041.586936497,3125.76545470723,16174.7315730538,10172.3398811106,1,1,1,1,1,1,0.765608672633199,0.669802705131515,0.960336450164425
"80",80,0.803046500673289,0.707993789344784,0.972311339558988,1878.39563777118,2971.07092830124,17503.8727862238,10810.2326499478,1,1,1,1,0.999901989610899,1,0.803046500673289,0.707993789344784,0.972311339558988
"81",81,0.743711395413898,0.653578561433891,0.953692939565512,1762.9196686023,2561.22788747125,12498.6549372832,8408.00371992132,1,1,1,1,1,1,0.743711395413898,0.653578561433891,0.953692939565512
"82",82,0.748637633036305,0.662623937149681,0.950103410109676,1805.47197704543,2661.58668193293,13945.9887224107,8594.26107956027,1,1,1,0.999809251311397,0.999872834207598,1,0.748637633036305,0.662623937149681,0.950103410109676
"83",83,0.648291695861314,0.583433579372414,0.900470146116536,2279.62161605267,2888.76929735466,11247.4640943603,7515.75491489084,1,1,1,0.999958655476082,1,1,0.648291695861314,0.583433579372414,0.900470146116536
"84",84,0.721465067135671,0.637549581503222,0.943337689104292,2200.19704192238,3084.52736246277,14291.7267388269,8523.58984852448,1,1,1,1,1,1,0.721465067135671,0.637549581503222,0.943337689104292
"85",85,0.699870276101423,0.600931380469888,0.929929231692849,2405.15293048188,3502.53644710534,14410.253072116,9258.67720971162,1,1,1,0.999941214508259,0.99997060725413,1,0.699870276101423,0.600931380469888,0.929929231692849
"86",86,0.738695185711543,0.643895217090833,0.952635088487707,2220.93590990812,3259.83298148143,15175.0155369891,9758.73646045082,1,1,1,1,1,1,0.738695185711543,0.643895217090833,0.952635088487707
"87",87,0.71700044733641,0.629568678335398,0.941426608393987,2101.12748460953,2980.59875116965,13457.3455441683,8693.92769641317,1,1,1,1,1,1,0.71700044733641,0.629568678335398,0.941426608393987
"88",88,0.690599330114378,0.651288441703633,0.92484954456803,2690.93043613246,3089.27524876535,14846.1509245123,9613.0139902597,0.999934340118188,1,0.999967170059094,0.998621142481944,0.999934340118188,0.999934340118188,0.690640163123979,0.651288441703633,0.924876979057699
"89",89,0.588765275401269,0.570239081412708,0.861572370224995,3157.01685366296,3392.31463778229,12576.1492014545,8623.45474359099,1,1,1,0.99929785661493,0.999630450849963,0.99996304371928,0.588765275401269,0.570239081412708,0.861572370224995
"90",90,0.730427465057121,0.631335035427661,0.946786079236025,2362.50952856085,3550.23769063786,15945.3954668903,10646.6287076841,1,1,1,0.999965224648769,1,1,0.730427465057121,0.631335035427661,0.946786079236025
"91",91,0.823315653373133,0.746837658768027,0.980020688023975,1445.62116539031,2185.42914476227,15218.5963460803,9750.87577737727,1,1,1,1,1,1,0.823315653373133,0.746837658768027,0.980020688023975
"92",92,0.834012282935052,0.73321514644829,0.980739320928766,1495.5287057546,2659.01388434044,17438.9654118541,11428.4462394374,1,1,1,1,1,1,0.834012282935052,0.73321514644829,0.980739320928766
"93",93,0.815939775925455,0.681528815563628,0.97617532057325,1324.82694212351,2646.21801516159,14204.5294557819,10270.467293466,1,1,1,1,1,1,0.815939775925455,0.681528815563628,0.97617532057325
"94",94,0.772924916218285,0.673334188233492,0.963009182725249,1665.16049234385,2585.96926459466,13386.8400444156,9815.38167548931,1,1,1,1,1,1,0.772924916218285,0.673334188233492,0.963009182725249
"95",95,0.789291945356441,0.717543975661708,0.968337221408944,1556.21682758576,2248.28858103086,14274.942597649,9506.76194019609,1,1,1,1,1,1,0.789291945356441,0.717543975661708,0.968337221408944
"96",96,0.751899969200561,0.679242010625197,0.950032458794405,1751.43424314632,2501.15539059098,13498.4996709235,8893.88821111342,1,1,1,1,1,1,0.751899969200561,0.679242010625197,0.950032458794405
"97",97,0.763125496981687,0.67201353331657,0.958494485686245,1903.3991705015,2885.47906181283,15074.6134440896,9265.28269507367,1,1,1,1,1,1,0.763125496981687,0.67201353331657,0.958494485686245
"98",98,0.784529028433524,0.653238068958735,0.968853657706558,1706.67614520332,3044.50417555958,14664.8966920339,9329.58000424433,1,1,1,1,1,1,0.784529028433524,0.653238068958735,0.968853657706558
"99",99,0.816019081876741,0.705730830260223,0.976141331249557,1642.90408219006,2876.88692682887,16925.2326583608,10267.2390305243,1,1,1,1,1,1,0.816019081876741,0.705730830260223,0.976141331249557
"100",100,0.748474509707391,0.636125562884236,0.953021668297448,1704.25718539809,2777.38992511205,12803.4741812053,8524.13939853263,1,1,1,1,1,1,0.748474509707391,0.636125562884236,0.953021668297448
"101",101,0.74012873992799,0.669237512635973,0.949390635751132,2020.33701286238,2743.13629124729,14193.1233661345,9701.50998978411,1,1,1,1,1,1,0.74012873992799,0.669237512635973,0.949390635751132
"102",102,0.726240655802455,0.622403795075376,0.94254600414352,2222.98745726688,3367.3412433938,14800.5064022391,9871.45752341058,1,1,1,0.999628310360849,1,1,0.726240655802455,0.622403795075376,0.94254600414352
"103",103,0.46661278156276,0.494990605136675,0.757768125817875,2513.16155358987,2353.98968727974,7086.29777052343,4648.69154585855,1,1,1,0.99988871165189,1,1,0.46661278156276,0.494990605136675,0.757768125817875
"104",104,0.767397258328275,0.66117316863127,0.958432747210465,2121.09707898628,3439.10433608294,17137.1751761805,11233.8206316333,1,1,1,1,1,1,0.767397258328275,0.66117316863127,0.958432747210465
"105",105,0.739177763008748,0.664141108759745,0.94725428844702,2147.28885506627,3014.56453244272,15422.9238858376,10153.8520834512,1,1,1,1,1,1,0.739177763008748,0.664141108759745,0.94725428844702
"106",106,0.767347823953052,0.705080763524596,0.961383332686496,2299.43775238318,3015.53089949014,17554.989151427,11417.470132865,1,1,1,1,1,1,0.767347823953052,0.705080763524596,0.961383332686496
"107",107,0.44876779827717,0.493113602176,0.739336970092819,2659.69219380992,2390.40264138331,7148.37486785462,4716.97564138544,1,0.999939556952462,1,0.999274683429539,0.999365348000846,0.999939556952462,0.44876779827717,0.493138421605988,0.739336970092819
"108",108,0.652846629679965,0.590220706468024,0.893528436964193,2821.14367015196,3512.39130104415,13659.4192415796,9280.72265428051,1,1,1,0.996484399522883,0.997143574612342,0.999905832130077,0.652846629679965,0.590220706468024,0.893528436964193
"109",109,0.843744062559779,0.749366188030542,0.983760944729336,1498.54114963357,2607.06194863671,18371.3360697143,11760.7290246239,1,1,1,1,1,1,0.843744062559779,0.749366188030542,0.983760944729336
"110",110,0.808173437073484,0.701573755098485,0.974701696524497,1385.56580824541,2418.71417591622,13897.017793713,10132.3857296062,1,1,1,1,0.999944348600367,1,0.808173437073484,0.701573755098485,0.974701696524497
"111",111,0.833917723972601,0.740115083525383,0.97520345711769,1275.89240995126,2305.15797558579,16617.4250183812,10822.2012033751,1,1,1,1,1,1,0.833917723972601,0.740115083525383,0.97520345711769
"112",112,0.79360235302354,0.667234253115999,0.966775096924729,1417.58279489033,2619.04518937447,13507.2529037324,10387.2937136731,1,1,1,1,1,1,0.79360235302354,0.667234253115999,0.966775096924729
"113",113,0.741134046437433,0.666086460195465,0.948753141332418,1679.65826638173,2309.92925570967,11842.5193691693,8129.25867775069,1,1,1,1,1,1,0.741134046437433,0.666086460195465,0.948753141332418
"114",114,0.845583642608851,0.749290913169507,0.985476380492238,1612.4746814373,2815.0084213396,19483.0034979192,11834.8849611379,1,1,1,1,1,1,0.845583642608851,0.749290913169507,0.985476380492238
"115",115,0.834002139715747,0.718647799843757,0.982989918865306,1684.07976419979,3102.74540719403,19040.1831643249,11162.1460655737,1,1,1,1,1,1,0.834002139715747,0.718647799843757,0.982989918865306
"116",116,0.773530068051642,0.643161824288076,0.961488610966734,1936.94817522384,3426.13190927454,16000.5695736107,10159.0415888847,1,1,1,1,1,1,0.773530068051642,0.643161824288076,0.961488610966734
"117",117,0.793235921299594,0.679687635823805,0.968516076151718,1593.35215153164,2745.96696343922,15037.2058756697,9615.82863225998,1,1,1,1,1,1,0.793235921299594,0.679687635823805,0.968516076151718
"118",118,0.782429970163423,0.637490772890585,0.967495526016394,1862.04886697168,3446.12669787483,15595.1934257955,10636.8032689971,1,1,1,1,1,1,0.782429970163423,0.637490772890585,0.967495526016394
"119",119,0.621210245648427,0.575535244138036,0.888344197467445,2150.87333549976,2521.12144138859,9492.53516793044,6317.67167118151,1,1,1,1,1,1,0.621210245648427,0.575535244138036,0.888344197467445
"120",120,0.667821915922071,0.625444316896145,0.908315948127778,2633.9698292289,3028.4573995729,13759.6340093961,8811.56810022666,0.999943552256499,1,1,0.998927492873472,0.999407298693235,0.999943552256499,0.667855785713544,0.625444316896145,0.908315948127778
"121",121,0.590394019155957,0.552396294544728,0.859862463651284,2703.23390829842,3078.58584996802,10901.0319146554,7229.76044072333,1,1,1,0.999968244895367,1,1,0.590394019155957,0.552396294544728,0.859862463651284
"122",122,0.685838661408966,0.605412778464409,0.916070059265554,2281.74212230975,3151.22128245983,13427.3277926388,9039.27370532234,1,1,1,0.999936848752763,1,1,0.685838661408966,0.605412778464409,0.916070059265554
"123",123,0.753679421088448,0.638816455468653,0.955906963889401,2028.72689023548,3350.894798706,15455.1191878076,10355.8007625026,1,1,1,1,1,1,0.753679421088448,0.638816455468653,0.955906963889401
"124",124,0.717601790398529,0.647000486878914,0.938438612044878,2014.63804474598,2736.85069371355,13283.6245190967,8484.8403959376,1,1,1,0.999967400162999,1,1,0.717601790398529,0.647000486878914,0.938438612044878
"125",125,0.488293665021689,0.513406477570394,0.769055408606625,2887.95346202686,2756.66477230024,8947.8975294513,5939.09865972339,1,1,1,0.999632242318879,0.999966567483535,1,0.488293665021689,0.513406477570394,0.769055408606625
"126",126,0.81288812689495,0.72441843860776,0.978472223142947,2091.33821609999,3260.17222442922,20403.1696242134,12626.5472683754,1,1,1,1,1,1,0.81288812689495,0.72441843860776,0.978472223142947
"127",127,0.739177192593496,0.659250049555266,0.952461919038118,1672.43585839597,2339.60110739805,11589.3643561494,8168.80240448364,1,1,1,1,1,1,0.739177192593496,0.659250049555266,0.952461919038118
"128",128,0.761586916825128,0.680620254390478,0.955843200028745,2053.04350222204,2921.28534896592,15439.5588533262,10718.2904143484,1,1,1,1,1,1,0.761586916825128,0.680620254390478,0.955843200028745
"129",129,0.706992260888792,0.695225054502549,0.927547579759896,2332.06918386142,2201.43824824968,12703.4675235929,9378.90493001071,1,1,1,0.999935371291928,1,1,0.706992260888792,0.695225054502549,0.927547579759896
"130",130,0.783440539867492,0.681920523712648,0.968873823275725,1621.16486545815,2568.33756671352,13637.9090043345,9626.67101500676,1,1,1,1,1,1,0.783440539867492,0.681920523712648,0.968873823275725
"131",131,0.791834774973838,0.700239784922942,0.971266575453345,1517.2883699499,2364.54779013064,13630.5975028112,9225.18215374346,1,1,1,1,1,1,0.791834774973838,0.700239784922942,0.971266575453345
"132",132,0.747221533697158,0.64632317252497,0.956166321575627,1610.61044678714,2476.87056433604,11802.744166677,7846.15310866264,1,1,1,1,1,1,0.747221533697158,0.64632317252497,0.956166321575627
"133",133,0.691969277818486,0.628652991130559,0.910776478225929,2219.50024321816,2877.59073074623,13722.0229623946,8510.42817819578,1,1,1,1,1,1,0.691969277818486,0.628652991130559,0.910776478225929
"134",134,0.568703501016181,0.517894220844929,0.848675714168317,2816.62751596692,3258.23792718984,10288.9360000074,6720.63725492123,0.999935090224588,1,1,0.997663248085162,0.998864078930287,0.99983772556147,0.568735371159341,0.517894220844929,0.848675714168317
"135",135,0.759379024468281,0.656373801220661,0.957139649381698,1855.38403616159,2898.36757018129,14386.8349821684,8974.09275999857,1,1,1,1,1,1,0.759379024468281,0.656373801220661,0.957139649381698
"136",136,0.805894663863582,0.709105291094497,0.975836648307153,1654.54363956082,2669.27072692594,15820.9575977276,10016.3668974698,1,1,1,1,1,1,0.805894663863582,0.709105291094497,0.975836648307153
"137",137,0.662190371156454,0.601266024533611,0.90960176720229,2342.43119956261,2948.29328870177,12248.5870034323,8158.74195842138,1,1,1,1,1,1,0.662190371156454,0.601266024533611,0.90960176720229
"138",138,0.731759729968407,0.626548374905127,0.948268399269749,2095.28001783854,3200.13988240238,14149.9698085866,9185.97677095211,1,1,1,1,1,1,0.731759729968407,0.626548374905127,0.948268399269749
"139",139,0.57023138340233,0.554253665517068,0.851490978729098,3612.87367564541,3775.26951280867,13197.7996975097,9158.11822938852,1,1,1,0.999969300669245,0.999907902007736,1,0.57023138340233,0.554253665517068,0.851490978729098
"140",140,0.763721891577461,0.676827143464419,0.954700733958368,1756.25446678676,2744.4117466598,15282.3517559323,9672.64350745012,1,1,1,0.999749757577653,1,1,0.763721891577461,0.676827143464419,0.954700733958368
"141",141,0.757352356097532,0.677786955479562,0.952228984196168,1827.76749647562,2670.72348497097,14550.1412925098,9083.37492302129,1,1,1,1,1,1,0.757352356097532,0.677786955479562,0.952228984196168
"142",142,0.735100186941981,0.643783692439859,0.948135513288983,2302.63813680519,3336.58533538718,15453.3635725357,9961.84726481454,0.999942166444971,0.999855416112428,1,0.9995951651148,0.999450581227228,0.999942166444971,0.735137819459564,0.643866170594528,0.948135513288983
"143",143,0.726929587686362,0.675445492437681,0.947218854296793,2212.57391534232,2776.18605508901,14614.8980255404,9074.26773382887,1,1,1,1,0.999967524032216,1,0.726929587686362,0.675445492437681,0.947218854296793
"144",144,0.684418837477988,0.630184372631512,0.921173382572316,2593.43456271914,3241.91371055984,14802.8885545357,9569.6727649156,1,1,1,0.999966502529059,0.999966502529059,1,0.684418837477988,0.630184372631512,0.921173382572316
"145",145,0.615801429812102,0.544781968592132,0.87077277294108,2660.60048534579,3369.2808401708,11802.1229655759,8787.05223451088,1,1,1,0.997973354596498,0.999700986743746,1,0.615801429812102,0.544781968592132,0.87077277294108
"146",146,0.803739207641532,0.726769499063821,0.966991813245921,2119.67120266923,3012.89049162851,19004.0900293913,12728.8830513198,1,1,1,0.999579731027858,1,1,0.803739207641532,0.726769499063821,0.966991813245921
"147",147,0.811265422545367,0.679041006071014,0.977410442597015,1499.6105437688,2807.87186023619,14757.3167099654,10783.5402189746,1,1,1,1,1,1,0.811265422545367,0.679041006071014,0.977410442597015
"148",148,0.768788946931255,0.671205784434221,0.961212757878326,1573.56307859655,2441.05515405107,12776.1377843868,9412.42642513418,1,1,1,1,1,1,0.768788946931255,0.671205784434221,0.961212757878326
"149",149,0.694541503687593,0.622549564326769,0.925078902417376,1817.13199679415,2416.60236547459,10823.5087286411,7876.60679460762,1,1,1,1,1,1,0.694541503687593,0.622549564326769,0.925078902417376
"150",150,0.794110867457878,0.667624546221285,0.970615802994689,1796.05018284533,3191.15781042986,16142.2606854612,11017.819508955,1,1,1,1,0.999910335345807,1,0.794110867457878,0.667624546221285,0.970615802994689
"151",151,0.822344443688489,0.702248622077297,0.979669176639667,1767.69897336196,3228.88657040413,18683.8814030422,11450.5716861126,1,1,1,1,1,1,0.822344443688489,0.702248622077297,0.979669176639667
"152",152,0.768835944288703,0.661083967352964,0.96004252376997,1883.5681295913,3060.31942995054,15554.2125463653,9159.40907646065,1,1,1,1,1,1,0.768835944288703,0.661083967352964,0.96004252376997
"153",153,0.776093375223796,0.672976949097894,0.958366106323182,2473.97074435629,3768.44655332502,18744.5274734308,11627.7002850103,1,1,1,0.999973946799364,0.999947893598729,1,0.776093375223796,0.672976949097894,0.958366106323182
"154",154,0.768719461843911,0.64297474514113,0.96236608664678,1864.76633195541,3191.32461064673,14835.8418575521,9892.44298320243,1,1,1,1,1,1,0.768719461843911,0.64297474514113,0.96236608664678
"155",155,0.710380950928006,0.647782528830996,0.934264390586614,1955.04712470562,2544.1314600115,12407.2427816456,7850.7137697431,1,1,1,1,1,1,0.710380950928006,0.647782528830996,0.934264390586614
"156",156,0.63503137064212,0.583331958531841,0.887039556062371,2406.22509627416,2909.55793949619,11534.3965858553,7151.28633695661,1,1,1,1,1,1,0.63503137064212,0.583331958531841,0.887039556062371
"157",157,0.585929867760445,0.546783156763686,0.852069372790169,2336.98985379525,2745.31407405119,9990.33667310306,6329.01500438309,1,1,1,0.999963500985473,0.999927001970947,1,0.585929867760445,0.546783156763686,0.852069372790169
"158",158,0.673699998426802,0.590563986172684,0.914348538378064,2242.34785714701,3076.08333332918,12452.0293538079,8250.07568111082,1,1,1,1,1,1,0.673699998426802,0.590563986172684,0.914348538378064
"159",159,0.729899176035337,0.647537286950477,0.948127456317029,2172.92360363558,3024.92408734041,14278.2493004525,9251.33063931691,1,1,1,1,1,1,0.729899176035337,0.647537286950477,0.948127456317029
"160",160,0.717136094541519,0.645191308992008,0.941523007618477,2225.38099167133,2982.51740768769,14039.0943204583,8974.06470805238,1,1,1,1,1,1,0.717136094541519,0.645191308992008,0.941523007618477
"161",161,0.654205394733292,0.629986330070158,0.902124426381078,2530.28588623487,2793.53500322382,12665.7531773528,7840.33404997666,1,1,1,1,1,1,0.654205394733292,0.629986330070158,0.902124426381078
"162",162,0.643594654226053,0.608974157450273,0.897820066334401,2789.44472172248,3179.47092450363,13323.4947768557,8357.88587431758,1,1,1,0.999912947594452,0.999970982531484,1,0.643594654226053,0.608974157450273,0.897820066334401
"163",163,0.751509605802077,0.672066943257378,0.950352779058732,2020.74479155587,2805.0317588788,14310.8128948558,9292.56507951165,1,1,1,0.999914013012697,0.999971337670899,1,0.751509605802077,0.672066943257378,0.950352779058732
"164",164,0.408290408189772,0.454731562434816,0.68630851995905,3262.54268257384,2890.66033595304,7684.51233157977,6200.66988321327,1,0.999932998324958,1,0.998726968174204,0.999765494137353,1,0.408290408189772,0.454760576292565,0.68630851995905
"165",165,0.744544453687327,0.635286404437013,0.952396676610621,1754.8532677432,2747.77892821418,12525.1555608006,9315.23772595643,1,1,1,1,1,1,0.744544453687327,0.635286404437013,0.952396676610621
"166",166,0.489001561034663,0.506768498528319,0.778628791752424,2509.91540100431,2394.26083862126,7370.2570860117,5921.96683254628,1,1,1,0.999535365810072,0.999857035633868,1,0.489001561034663,0.506768498528319,0.778628791752424
"167",167,0.760478010938252,0.673106249123356,0.957175959086839,1783.35540710072,2623.25836639962,13854.5480785531,9599.84732556747,1,1,1,1,1,1,0.760478010938252,0.673106249123356,0.957175959086839
"168",168,0.735393707211511,0.671953996235811,0.945146696724906,2808.52847315483,3555.60527093223,17996.4744141944,12658.3282859062,1,1,1,0.999898734177215,1,1,0.735393707211511,0.671953996235811,0.945146696724906
"169",169,0.645030894074976,0.561213666761636,0.901074259069501,2705.196534265,3580.40561129474,12801.4841386794,8195.62373151251,1,1,1,1,0.999662834215584,1,0.645030894074976,0.561213666761636,0.901074259069501
"170",170,0.776246338351809,0.644568356484124,0.965356166307134,2014.81321049429,3555.09074337175,16808.5255029331,10568.6868742465,1,1,1,1,1,1,0.776246338351809,0.644568356484124,0.965356166307134
"171",171,0.784366081411266,0.650672082619443,0.968086357600495,1786.88601984395,3233.49036210092,15503.6532572834,10269.6665928713,1,1,1,1,1,1,0.784366081411266,0.650672082619443,0.968086357600495
"172",172,0.708812035024316,0.621959359200957,0.932513541598151,1999.87351170473,2846.60257657345,12646.5028559434,8475.37740254483,1,0.999968659897205,1,1,0.999780619280431,1,0.708812035024316,0.621976457188992,0.932513541598151
"173",173,0.407200112223748,0.457340526329145,0.693038371042597,2855.89056684693,2525.56950700101,6810.68926477795,4596.87954175308,1,1,1,0.999853011428361,1,1,0.407200112223748,0.457340526329145,0.693038371042597
"174",174,0.671725437883806,0.598798091325439,0.911830136983087,2292.01039055475,3067.3981440712,12920.9362517615,8426.05423278049,1,1,1,1,1,1,0.671725437883806,0.598798091325439,0.911830136983087
"175",175,0.454529519035898,0.469424130529907,0.744620289683039,2740.403103932,2669.66816284214,7513.48119331809,4716.91310779002,1,1,1,0.999363687782805,0.999929298642534,0.999929298642534,0.454529519035898,0.469424130529907,0.744620289683039
"176",176,0.557213855139813,0.530963226946225,0.832916827437248,2771.34897608925,3100.42729751773,10489.4414477284,6915.05611142201,1,1,1,0.999969393688979,0.999693936889787,1,0.557213855139813,0.530963226946225,0.832916827437248
"177",177,0.694108041779529,0.59869962480778,0.93299587603985,2301.51648089759,3256.94625385031,13139.6628539934,8817.83891427026,1,1,1,1,1,1,0.694108041779529,0.59869962480778,0.93299587603985
"178",178,0.628671102639689,0.568707480523965,0.877318476171151,2346.53408560613,3105.84016595015,12159.3723975272,8427.45738981643,1,1,1,0.999969526131342,1,1,0.628671102639689,0.568707480523965,0.877318476171151
"179",179,0.68772742201566,0.637577735984679,0.923160718414084,2351.04139969211,2923.36938770675,13592.4465182334,8783.05341181697,1,1,1,1,1,1,0.68772742201566,0.637577735984679,0.923160718414084
"180",180,0.660860660136464,0.607342277121087,0.915818147284,2530.81208053691,3069.51994356315,12687.2543090299,8198.46350695347,1,1,1,1,1,1,0.660860660136464,0.607342277121087,0.915818147284
"181",181,0.702437893475409,0.63467065140945,0.931901362012196,1954.21901672754,2605.56314991947,11899.1385511787,8238.40091200286,1,1,1,1,0.999844537031279,1,0.702437893475409,0.63467065140945,0.931901362012196
"182",182,0.733477117995818,0.636092361276798,0.944951488325262,1850.18455969057,2776.61803240811,12839.0955559269,9571.29228160204,1,1,1,0.99996729995749,1,1,0.733477117995818,0.636092361276798,0.944951488325262
"183",183,0.43774529199619,0.465210169596553,0.703241708033122,3642.23259461449,3350.18310981791,9217.55204514155,7124.91923340905,1,1,1,0.979934797795544,1,1,0.43774529199619,0.465210169596553,0.703241708033122
"184",184,0.485167640411071,0.480861289198275,0.744316339854863,3002.10015167194,3050.37989591212,8939.38239512605,7278.18971928187,1,1,1,0.946590349114893,0.99882491186839,0.999924187862477,0.485167640411071,0.480861289198275,0.744316339854863
"185",185,0.79897403189697,0.682933432479886,0.972948048116407,1477.25182978373,2555.53477479384,13736.0960527071,9397.27231731309,1,1,1,1,1,1,0.79897403189697,0.682933432479886,0.972948048116407
"186",186,0.786569539783034,0.684834503837349,0.9641820415167,1492.40225931836,2545.7859382962,14407.6286092731,9289.97063990322,1,1,1,1,1,1,0.786569539783034,0.684834503837349,0.9641820415167
"187",187,0.832158107598232,0.732547576860106,0.981936162638869,1572.19222257656,2726.65628339053,17882.8983812241,10589.1141335548,1,1,1,1,1,1,0.832158107598232,0.732547576860106,0.981936162638869
"188",188,0.72975530339297,0.619817702305707,0.945172625708011,2069.43182766647,3189.50148612353,13983.1892129748,9045.22850089675,1,1,1,1,0.999940564635958,1,0.72975530339297,0.619817702305707,0.945172625708011
"189",189,0.659060441661529,0.572991569946003,0.906066646320679,2255.11629021934,3106.25844183223,11878.1710491695,7977.03108811528,1,1,1,0.999968764641574,0.999843823207871,1,0.659060441661529,0.572991569946003,0.906066646320679
"190",190,0.530045784371645,0.505311438078467,0.800449936710705,3136.97460615898,3355.85272056219,10396.2289507347,7164.09202762447,1,1,1,0.999963408833108,1,1,0.530045784371645,0.505311438078467,0.800449936710705
"191",191,0.651219557999999,0.582130613758549,0.903571744310996,2729.77173416193,3488.79401028988,13039.3790267752,8789.54998532042,1,1,1,0.999899809638313,0.999933206425542,1,0.651219557999999,0.582130613758549,0.903571744310996
"192",192,0.703716940272012,0.609654341951861,0.93296057126433,2363.6099504567,3358.8029700378,14073.6761195984,9435.73959766613,1,1,1,1,1,1,0.703716940272012,0.609654341951861,0.93296057126433
"193",193,0.687464715756635,0.651972053689733,0.922924977343528,2902.7198048108,3282.54931728527,15502.7772265631,9325.97030262842,1,1,1,1,1,1,0.687464715756635,0.651972053689733,0.922924977343528
"194",194,0.695580415463491,0.597835208428664,0.9300605846564,2407.06532196319,3450.79692071654,13906.9362287675,9311.34273807617,1,1,1,1,1,1,0.695580415463491,0.597835208428664,0.9300605846564
"195",195,0.757444593004259,0.653143330989724,0.956024458524406,2005.35061132369,3183.15885832532,15490.5764590437,10265.5964850073,1,1,1,1,0.999910687704674,1,0.757444593004259,0.653143330989724,0.956024458524406
"196",196,0.748031744626626,0.650875009137841,0.951810808073222,2069.00421620767,3197.92632285908,15418.0275052808,10284.4472228108,1,1,1,1,1,1,0.748031744626626,0.650875009137841,0.951810808073222
"197",197,0.679790352668286,0.638762867616271,0.919474623876147,2227.33926206719,2683.50899955227,12712.0351884953,8680.03943832918,1,1,1,1,1,1,0.679790352668286,0.638762867616271,0.919474623876147
"198",198,0.691294565688719,0.635587294768206,0.924278489471295,2158.07905772527,2745.96947821087,12866.7963389643,8394.04438010592,1,1,1,1,1,1,0.691294565688719,0.635587294768206,0.924278489471295
"199",199,0.714260087190199,0.64256005240911,0.934222702498937,2157.1150860149,2829.72703374301,12993.0788548946,9194.37275733437,1,1,1,0.999739756527774,0.999884336234566,1,0.714260087190199,0.64256005240911,0.934222702498937
"200",200,0.702909152105751,0.638749317359627,0.931766373299828,1790.42639842404,2358.16200452018,11014.9963092875,8197.63777070167,1,1,1,1,1,1,0.702909152105751,0.638749317359627,0.931766373299828
"201",201,0.795356101412712,0.690183020634894,0.971729737158972,1630.48540430942,2709.57977584097,14976.7754831138,10724.2252187089,1,1,1,1,1,1,0.795356101412712,0.690183020634894,0.971729737158972
"202",202,0.75519039869797,0.643626924331455,0.959833449773009,1912.24807817475,2997.09352301832,13897.3953286605,10143.652940829,1,1,1,1,1,1,0.75519039869797,0.643626924331455,0.959833449773009
"203",203,0.702147141212639,0.6414284322031,0.936276202568178,1883.92887142248,2368.99297623934,10934.5576854389,7977.97012927349,1,1,1,1,1,1,0.702147141212639,0.6414284322031,0.936276202568178
"204",204,0.766704653888135,0.668307684896634,0.961136173739961,1800.78714947789,2783.83987783341,14277.9309204454,9755.21309168101,1,1,1,1,1,1,0.766704653888135,0.668307684896634,0.961136173739961
"205",205,0.722943570503574,0.650043101680891,0.942129608445078,2117.16747549377,2847.10583148449,13752.5118638502,8973.2805699544,1,1,1,0.999933999934,0.999933999934,1,0.722943570503574,0.650043101680891,0.942129608445078
"206",206,0.44710668147349,0.45552916214284,0.736168701713632,3006.14207874239,2957.36629458909,7981.67278041971,5268.67278072797,1,1,1,0.999302232854864,0.999003189792663,1,0.44710668147349,0.45552916214284,0.736168701713632
"207",207,0.676846483180474,0.59719599993842,0.924542441709927,2397.67694613017,3164.50533857478,12685.6888149279,8347.22875077037,1,1,1,1,1,1,0.676846483180474,0.59719599993842,0.924542441709927
"208",208,0.722503800122802,0.678364108415746,0.946996683949256,2254.23201952343,2684.61628874465,14301.0945108808,9441.85034565177,1,1,1,1,1,1,0.722503800122802,0.678364108415746,0.946996683949256
"209",209,0.74347523368846,0.656923860332736,0.949316315132571,1847.29319945555,2688.18473518863,13502.8334800677,7970.86946146692,1,1,1,1,1,1,0.74347523368846,0.656923860332736,0.949316315132571
"210",210,0.562458715540146,0.551975363062391,0.835190733102797,2620.07149288758,2759.12445459914,9846.66428841422,6461.75219036698,1,1,1,1,0.999970161723459,1,0.562458715540146,0.551975363062391,0.835190733102797
"211",211,0.608886737385656,0.584110806701267,0.873633914555798,2631.39395873391,2860.61022005396,11331.511920398,7183.37916766202,1,1,1,0.999882339098717,1,1,0.608886737385656,0.584110806701267,0.873633914555798
"212",212,0.703477740141869,0.620460825683255,0.931769399902212,2256.169832009,3135.74923003118,13678.6260113233,8811.39151532389,1,1,1,1,0.999858497240696,1,0.703477740141869,0.620460825683255,0.931769399902212
"213",213,0.705413091540475,0.641761540911463,0.934833727162032,2010.08472992485,2625.14856647636,12405.6967100806,8136.37022787862,1,1,1,1,0.999966838003648,1,0.705413091540475,0.641761540911463,0.934833727162032
"214",214,0.692416985363777,0.64210650173229,0.927508756236409,2656.24825304309,3200.17119164655,14518.751550587,9403.55861640747,1,1,1,1,0.99997456700323,1,0.692416985363777,0.64210650173229,0.927508756236409
"215",215,0.728961547117195,0.652837576133023,0.943096567487412,2397.35440173543,3274.37216179957,15703.4942028657,10448.5562200025,1,1,1,0.999967883868067,1,1,0.728961547117195,0.652837576133023,0.943096567487412
"216",216,0.656368016227431,0.628966496097735,0.904989305994298,2546.04185899017,2837.53578098023,12758.9855184807,8032.1526373622,1,1,1,0.99985906063916,1,1,0.656368016227431,0.628966496097735,0.904989305994298
"217",217,0.744947621397767,0.669208501270307,0.948155115824381,1750.85258783945,2439.15267487499,12773.5756603866,8339.24151822719,1,1,1,0.999942179820757,0.999884359641515,1,0.744947621397767,0.669208501270307,0.948155115824381
"218",218,0.378860080091951,0.442624852789078,0.641253786375322,3482.21729917844,2974.1675386604,7806.42391359324,6254.78114400552,0.999972169653791,1,1,0.963983522600757,0.999916508961372,0.999916508961372,0.378868036098607,0.442624852789078,0.641253786375322
"219",219,0.690772079005255,0.623545818092398,0.919638399214318,1985.84118787285,2573.62086544016,11481.8461334886,8481.2696763207,1,1,1,0.999553357792311,0.999776678896156,1,0.690772079005255,0.623545818092398,0.919638399214318
"220",220,0.538173238076714,0.527897757189526,0.806162520626595,2771.6804248416,2840.72811840349,9329.28135181576,7284.45369672461,1,1,1,0.995652028495936,0.9994983109803,1,0.538173238076714,0.527897757189526,0.806162520626595
"221",221,0.577360109651705,0.556814900318114,0.848836420703713,2113.16773467317,2253.12459725113,8096.78778264364,6028.57714836939,1,0.999941269748047,1,0.998972220590826,0.999706348740236,1,0.577360109651705,0.556843014627618,0.848836420703713
"222",222,0.796860232193884,0.696442739282468,0.969830612506041,1544.8317541869,2542.55662867039,14599.5591301765,9773.91126665251,1,1,1,1,1,1,0.796860232193884,0.696442739282468,0.969830612506041
"223",223,0.73493559766376,0.65766134436282,0.943002267572753,1912.7584344679,2651.79446512167,13375.3644581735,8874.33222466717,1,1,1,1,1,1,0.73493559766376,0.65766134436282,0.943002267572753
"224",224,0.782860480442041,0.652550643220259,0.967972742144185,1930.68360648265,3422.52530605035,16451.1671135811,10627.3390823221,1,1,1,1,1,1,0.782860480442041,0.652550643220259,0.967972742144185
"225",225,0.447051021381363,0.462533390867075,0.729596002255139,3406.02080660471,3274.79371175181,9020.11747239908,6256.26765004407,1,0.999970530162379,1,0.999882120649515,0.999970530162379,1,0.447051021381363,0.462544094646868,0.729596002255139
"226",226,0.791805094429891,0.662105470493371,0.970560929186516,1772.82640098233,3199.42584826847,15818.9291952235,10369.4917439712,1,1,1,1,1,1,0.791805094429891,0.662105470493371,0.970560929186516
"227",227,0.750543058017274,0.691075107171615,0.951529656649529,1853.75447194321,2359.76840293228,13430.0801863695,8271.6714282585,1,1,1,0.999795619443404,0.999897809721702,0.999965936573901,0.750543058017274,0.691075107171615,0.951529656649529
"228",228,0.705406331013696,0.620812862260937,0.930742211900734,2529.26449344349,3421.57828042624,14436.5602396964,9521.18742173728,1,1,1,1,0.999725283111016,1,0.705406331013696,0.620812862260937,0.930742211900734
"229",229,0.705148476551162,0.635246773024189,0.93313233617425,2251.48679832725,2993.60118062224,13920.9903580795,8967.46002787756,1,1,1,1,1,1,0.705148476551162,0.635246773024189,0.93313233617425
"230",230,0.634952525645743,0.581428539066013,0.88834393422854,2371.8469498687,2907.55205829872,11448.4958721228,7584.18940911663,1,1,1,0.999963723427411,1,1,0.634952525645743,0.581428539066013,0.88834393422854
"231",231,0.794989128555364,0.718797539329733,0.965565428147345,1696.95577809637,2570.22047204903,17036.9623798887,9991.51255873654,1,1,1,0.999964336661912,1,1,0.794989128555364,0.718797539329733,0.965565428147345
"232",232,0.629305768873187,0.593540476710339,0.885292738921679,2082.69307627431,2406.15212007637,9928.82422001513,6611.77571227421,1,1,1,1,1,1,0.629305768873187,0.593540476710339,0.885292738921679
"233",233,0.6517617321739,0.631888663643162,0.900419784225315,2231.1999931144,2439.71446009079,11146.7913357397,7778.80248592749,1,1,1,1,1,1,0.6517617321739,0.631888663643162,0.900419784225315
"234",234,0.710460978273339,0.669379466175004,0.928549529756888,2307.29269983882,2822.95679153871,14996.0301548363,9306.0188764019,1,1,1,0.999874391584236,1,1,0.710460978273339,0.669379466175004,0.928549529756888
"235",235,0.706490750349551,0.648362681936638,0.929782165682273,1843.22578336395,2346.59115481612,11490.0034245593,7585.20510531475,1,1,1,0.999874442840103,1,1,0.706490750349551,0.648362681936638,0.929782165682273
"236",236,0.608703396254885,0.574272317797271,0.866058886775719,2415.00474907,2712.68887831317,10316.3219075297,7786.27475068373,1,1,1,0.998805328236067,1,1,0.608703396254885,0.574272317797271,0.866058886775719
"237",237,0.736421349804776,0.630768573147157,0.949978824079586,2002.09026513472,3049.12545779494,13632.8417515708,10162.043599427,1,1,1,1,1,1,0.736421349804776,0.630768573147157,0.949978824079586
"238",238,0.789968312753323,0.671260383887144,0.964408862346092,1553.69455203079,2730.66085739195,14320.764168808,10152.6414938566,1,1,1,1,1,1,0.789968312753323,0.671260383887144,0.964408862346092
"239",239,0.670471338644621,0.607658980042203,0.914343834340814,2200.98832678643,2739.0602212927,11377.849824597,8181.27899768832,1,1,1,1,1,1,0.670471338644621,0.607658980042203,0.914343834340814
"240",240,0.745455681693208,0.661941857406035,0.950740730451904,2018.85525755987,2841.03227195106,14021.951721497,9529.95682575583,1,1,1,1,1,1,0.745455681693208,0.661941857406035,0.950740730451904
"241",241,0.738822993994221,0.626288511090038,0.949637777839449,1742.86064422007,2740.7376568498,12183.4435010843,8050.14490685096,1,1,1,1,1,1,0.738822993994221,0.626288511090038,0.949637777839449
"242",242,0.71938434790856,0.61261968296774,0.943029319015957,1949.36542264798,2946.91886703862,12498.6691623173,7874.42983226563,1,1,1,1,1,1,0.71938434790856,0.61261968296774,0.943029319015957
"243",243,0.477081102884498,0.463197598720376,0.744309616668972,3317.79097334931,3439.60653787191,9666.5179794697,6820.27418382483,1,1,1,0.999925705794948,0.999962852897474,1,0.477081102884498,0.463197598720376,0.744309616668972
"244",244,0.76736430728356,0.667593538109485,0.951999585495061,2475.68340155171,3668.40118260033,17982.8290626683,11387.3438856928,1,1,1,1,0.999942268279306,1,0.76736430728356,0.667593538109485,0.951999585495061
"245",245,0.798121774832562,0.690623496755828,0.972479757382729,1642.3756355447,2721.7514263401,15000.0133864649,9112.2773302903,1,1,1,1,1,1,0.798121774832562,0.690623496755828,0.972479757382729
"246",246,0.779983583017841,0.676762877943486,0.966893434124582,1764.9074007007,2808.35761757911,14778.1549785903,9307.27738982281,1,1,1,1,1,1,0.779983583017841,0.676762877943486,0.966893434124582
"247",247,0.734648347334199,0.613326852139389,0.949474482903705,2359.32941336854,3773.71375529852,15885.4115683432,10505.0334690349,1,1,1,1,1,1,0.734648347334199,0.613326852139389,0.949474482903705
"248",248,0.679506108439305,0.62546979739327,0.91617954741629,2128.17030250141,2663.27990131455,11971.4548136745,7941.85542887247,1,1,1,0.999964018422568,1,1,0.679506108439305,0.62546979739327,0.91617954741629
"249",249,0.6128960559536,0.573224704660694,0.876202182254494,1929.61469027426,2282.0224667735,8893.70261819864,5687.73414644108,1,1,1,1,0.999933134967069,1,0.6128960559536,0.573224704660694,0.876202182254494
"250",250,0.707383408516816,0.677239725532866,0.937850804352906,2281.40306503862,2571.52167953389,13689.8821330675,8826.70738868514,1,1,1,1,1,1,0.707383408516816,0.677239725532866,0.937850804352906
"251",251,0.760027991088569,0.695828107409466,0.954880127391185,1791.31567545562,2466.96773692346,14390.726103648,8611.24636214905,1,1,1,1,1,1,0.760027991088569,0.695828107409466,0.954880127391185
"252",252,0.702516435154869,0.637120544433668,0.929233577491294,2410.0937529368,3173.80198431339,14671.175851052,9362.8103540603,1,1,1,1,1,1,0.702516435154869,0.637120544433668,0.929233577491294
"253",253,0.771263841096199,0.677214625039325,0.955608211976487,1747.62094078619,2739.62973480999,14823.5518419213,9845.42303062737,1,1,1,0.999670640932745,0.999934128186549,1,0.771263841096199,0.677214625039325,0.955608211976487
"254",254,0.459123196266091,0.487358267591742,0.735348826802607,3272.04554149067,3043.22203872202,9002.00939352663,6868.27114369472,1,1,1,0.994072490525702,0.999935218475691,1,0.459123196266091,0.487358267591742,0.735348826802607
"255",255,0.744391443073924,0.654438322036825,0.95437271521005,1827.66638323946,2638.62815630441,12827.5497060528,8811.01756085852,1,1,1,1,1,1,0.744391443073924,0.654438322036825,0.95437271521005
"256",256,0.746112026016906,0.644589770274437,0.949682442860815,2303.397862945,3402.98205180616,15565.4618141248,11890.2677288788,0.999936902545982,0.999873805091965,0.999968451272991,0.999652964002902,0.998990440735716,0.999873805091965,0.746156190875709,0.644664353941555,0.949712077426503
"257",257,0.807920694771613,0.696725901134592,0.973895841538242,1367.77017500925,2350.34708543005,13391.407377089,9268.21728790591,1,0.999971414687134,1,0.999971414687134,0.999828488122802,1,0.807920694771613,0.696743991083046,0.973895841538242
"258",258,0.863751938306252,0.754646362645247,0.988935589610792,1404.85492795219,2737.91666192352,19479.9590596419,11769.3397559356,1,1,1,1,1,1,0.863751938306252,0.754646362645247,0.988935589610792
"259",259,0.775608804774034,0.657352570778504,0.956312390459637,1661.65098286943,2851.28437290257,14334.567317001,9535.67692756122,1,1,1,1,1,1,0.775608804774034,0.657352570778504,0.956312390459637
"260",260,0.756930430556856,0.660477876024575,0.955086426878955,2577.54435629766,3766.96131132362,18611.6608266354,11887.1283120044,1,1,1,1,1,1,0.756930430556856,0.660477876024575,0.955086426878955
"261",261,0.476731923687152,0.458091317459734,0.767376223999867,2387.03398081075,2536.90927586872,6994.84502142428,4731.88408637466,1,1,1,0.999967200209919,1,1,0.476731923687152,0.458091317459734,0.767376223999867
"262",262,0.847848608408346,0.724870485607317,0.985925886316107,1643.77030544605,3202.70349362571,20209.8402032077,12223.2023920804,1,1,1,1,1,1,0.847848608408346,0.724870485607317,0.985925886316107
"263",263,0.814481915456018,0.688917123327187,0.976789056672007,1650.85599368722,3039.32954031915,16747.8219649311,10317.4391089037,1,1,1,1,1,1,0.814481915456018,0.688917123327187,0.976789056672007
"264",264,0.763356114508343,0.654949549245917,0.960008531268101,1846.66116223302,2947.16603029711,14442.8700038428,9220.24955751535,1,1,1,1,1,1,0.763356114508343,0.654949549245917,0.960008531268101
"265",265,0.762925837581746,0.642506871268439,0.959987969081397,1914.36336175583,3201.0447434148,14970.9217687305,9740.07629055863,1,1,1,1,1,1,0.762925837581746,0.642506871268439,0.959987969081397
"266",266,0.703944642742377,0.602220650278105,0.929860316480206,2424.83207207032,3568.69341868571,14590.3259383122,9598.10029304087,1,1,1,0.999962126950462,0.999962126950462,1,0.703944642742377,0.602220650278105,0.929860316480206
"267",267,0.77961353029914,0.696922520744361,0.958912171349083,1648.4156433014,2514.47632731986,14942.294736454,9113.49691794592,1,1,1,1,1,1,0.77961353029914,0.696922520744361,0.958912171349083
"268",268,0.785223465906269,0.660817442663432,0.967610084236936,1845.65964482186,3247.86986162879,16121.4958320019,10436.0201326978,1,1,1,1,1,1,0.785223465906269,0.660817442663432,0.967610084236936
"269",269,0.682354964453317,0.622996372183953,0.921458441232585,2094.82243121665,2615.68133214283,11484.1684918736,7199.3972942102,1,1,1,1,1,1,0.682354964453317,0.622996372183953,0.921458441232585
"270",270,0.774162629858054,0.667202965751494,0.964704161401548,2156.6977065739,3476.23775493607,17516.0050054036,11186.8322396486,1,1,1,1,1,1,0.774162629858054,0.667202965751494,0.964704161401548
"271",271,0.694015881586689,0.634994623923524,0.916049678723847,2091.81120750829,2659.09664400198,12387.0857223749,8478.96945206176,0.999971012812337,0.999913038437011,1,0.999681140935706,0.999246333120761,0.999942023944111,0.694033808187227,0.635042296140708,0.916049678723847
"272",272,0.803141238421308,0.706214347364187,0.972479164975287,1648.88278508139,2638.69807962307,15332.5662446748,10134.6999807712,1,1,1,1,1,1,0.803141238421308,0.706214347364187,0.972479164975287
"273",273,0.789724402156686,0.694572390498346,0.964925553286699,1904.27157825223,2858.6376711195,15535.4722421209,11115.8430161706,1,1,1,1,1,1,0.789724402156686,0.694572390498346,0.964925553286699
"274",274,0.760266856245127,0.682798624941188,0.9523331290212,1816.9291982497,2417.97977093517,13183.0047821361,9667.30724148062,1,1,1,1,1,1,0.760266856245127,0.682798624941188,0.9523331290212
"275",275,0.814496872417803,0.673820310494129,0.977655908405974,1424.46771760766,2751.48874457444,14259.9597380146,10092.2113346147,1,1,1,1,1,1,0.814496872417803,0.673820310494129,0.977655908405974
"276",276,0.797121216869692,0.677483848182838,0.96897640011753,1326.21318729239,2376.9279444625,12921.3646691643,8973.810462014,1,1,1,1,1,1,0.797121216869692,0.677483848182838,0.96897640011753
"277",277,0.791614796951629,0.67207010685281,0.965138194213028,2089.99390933566,3455.7553356518,17273.18377745,11443.9998405828,1,1,1,1,1,1,0.791614796951629,0.67207010685281,0.965138194213028
"278",278,0.798927951070506,0.66969947822043,0.97165618648027,1692.28984747428,3034.63056359784,15626.8245563603,9521.94067007674,1,1,1,1,1,1,0.798927951070506,0.66969947822043,0.97165618648027
"279",279,0.817292244427525,0.657064019904542,0.976955031759172,1517.59295921543,3244.03839939247,15998.2312184968,10339.924479728,1,1,1,1,1,1,0.817292244427525,0.657064019904542,0.976955031759172
"280",280,0.536411107051239,0.48903613257688,0.824845627122283,2222.53016437163,2542.69516589097,7504.77322681388,4952.40725947501,1,1,1,1,1,1,0.536411107051239,0.48903613257688,0.824845627122283
"281",281,0.800633481198381,0.665257057144408,0.972342308388985,1629.37846787301,3038.91649328581,15420.2812385415,9783.23283620933,1,1,1,1,0.999719144952411,1,0.800633481198381,0.665257057144408,0.972342308388985
"282",282,0.676828768790617,0.611663322475149,0.911187773377694,1839.29578383124,2401.50346865542,10630.3401437032,6770.92370557336,1,1,1,1,1,1,0.676828768790617,0.611663322475149,0.911187773377694
"283",283,0.798041232917496,0.682845861991254,0.968043273100846,1493.32180900179,2670.76597615079,15043.894103306,9336.09276381683,1,1,1,1,0.999901004801267,1,0.798041232917496,0.682845861991254,0.968043273100846
"284",284,0.699211163323365,0.615771219208395,0.926598603097975,1910.54776712555,2644.58811529648,11705.8330914174,7396.40435960099,1,1,1,0.999963452963965,1,1,0.699211163323365,0.615771219208395,0.926598603097975
"285",285,0.665076511091728,0.586060371686734,0.913025105171582,2331.45495073872,3055.45419143371,11588.236744347,7438.56534581801,1,1,1,1,0.999113839921511,1,0.665076511091728,0.586060371686734,0.913025105171582
"286",286,0.788157699042313,0.661124479014801,0.969628287835009,1799.85022731641,3205.69114078774,15951.6075018133,10442.3647128815,1,1,1,1,1,1,0.788157699042313,0.661124479014801,0.969628287835009
"287",287,0.775535597668923,0.664869851790015,0.961635418094944,1823.00472643672,3015.96461676496,15339.7186788727,10042.1007109607,1,1,1,1,1,1,0.775535597668923,0.664869851790015,0.961635418094944
"288",288,0.679845052331318,0.615105863515323,0.916678417978026,2281.17768319997,2964.85192150753,12996.7630253056,8504.60865170268,1,1,1,0.999971643272366,1,1,0.679845052331318,0.615105863515323,0.916678417978026
"289",289,0.687180841948196,0.618107468281321,0.922617568699602,2147.49796429476,2767.923275294,11701.0903703625,8122.69112821098,1,1,1,0.999974061681322,0.999792493450575,1,0.687180841948196,0.618107468281321,0.922617568699602
"290",290,0.731337854087956,0.690135843009578,0.937922031461131,2630.45504259285,3006.37534669437,16226.2726030467,11427.8515601261,1,1,1,0.999973505722764,0.999973505722764,1,0.731337854087956,0.690135843009578,0.937922031461131
"291",291,0.753578337794005,0.64458509157471,0.956953811554677,1596.3903162608,2512.39458181353,11841.2342159203,8285.60027498831,1,1,1,1,1,1,0.753578337794005,0.64458509157471,0.956953811554677
"292",292,0.787199756091723,0.657577574215601,0.965699881390194,1474.81552180004,2667.93199516062,13191.500831883,9484.98562035683,1,1,1,1,1,1,0.787199756091723,0.657577574215601,0.965699881390194
"293",293,0.806120400866474,0.665928781928474,0.971289212951814,1345.03195202892,2651.01964599111,13704.7893334313,9724.99867756376,1,1,1,1,0.999972407703769,1,0.806120400866474,0.665928781928474,0.971289212951814
"294",294,0.74495551605795,0.642652400324463,0.94257424456911,1764.78820354192,2752.36561864211,13306.4232068559,8970.99135021609,1,1,1,1,1,1,0.74495551605795,0.642652400324463,0.94257424456911
"295",295,0.816603074791,0.688499177721016,0.975864859034154,1499.52767699636,2825.2309238553,15478.1629808923,10148.6747509754,1,1,1,1,1,1,0.816603074791,0.688499177721016,0.975864859034154
"296",296,0.789787599360248,0.657496802090386,0.968952569047031,1728.29368579079,3086.85813625315,15182.9448698154,9387.40561810269,1,1,1,1,0.999939283545841,1,0.789787599360248,0.657496802090386,0.968952569047031
"297",297,0.815265093205345,0.64856872562984,0.978242321229356,1687.72440107402,3611.79650609608,16977.8697317422,10816.9562445012,1,1,1,1,1,1,0.815265093205345,0.64856872562984,0.978242321229356
"298",298,0.757887946750808,0.624960181198338,0.955536820112118,1852.3131479225,3151.48035235554,13831.3457192778,9050.96515532926,1,1,1,1,1,1,0.757887946750808,0.624960181198338,0.955536820112118
"299",299,0.818826233885567,0.700085372496554,0.978079985573039,1423.84439599795,2616.77763236701,15275.7104234161,9215.25708420596,1,1,1,1,1,1,0.818826233885567,0.700085372496554,0.978079985573039
"300",300,0.670668024056485,0.601861996298253,0.908781951417318,1987.43268831688,2586.44329100596,10955.3453903738,7285.58657310788,1,1,1,1,1,1,0.670668024056485,0.601861996298253,0.908781951417318
"301",301,0.771317540755403,0.637276707859551,0.963507602007784,1717.88566621312,3033.5540930452,13878.3558075114,8845.90352374122,1,1,1,1,1,1,0.771317540755403,0.637276707859551,0.963507602007784
"302",302,0.764859830891466,0.626444559863584,0.960999710715714,1717.18715904261,3051.73174684575,13651.9213311807,9168.85927453824,1,1,1,1,1,1,0.764859830891466,0.626444559863584,0.960999710715714
"303",303,0.737426224249485,0.641987648979892,0.946341995498624,1693.68038942281,2597.90710668643,12482.7290620046,7957.04551505406,1,1,1,1,1,1,0.737426224249485,0.641987648979892,0.946341995498624
"304",304,0.753862067929336,0.639540193294743,0.958741504203577,1973.87918866244,3140.65642962171,14333.426726962,9286.34828885958,1,1,1,1,1,1,0.753862067929336,0.639540193294743,0.958741504203577
"305",305,0.778989902965407,0.660200261370619,0.966101308985395,1910.64589981938,3250.65497499456,16077.9454751681,10620.2549130531,1,1,1,1,1,1,0.778989902965407,0.660200261370619,0.966101308985395
"306",306,0.525029169345071,0.509836209870129,0.807013277088663,2289.36015420858,2491.26894589987,8028.08670303143,5587.60091711765,1,1,1,0.999618664632878,0.999341329820426,1,0.525029169345071,0.509836209870129,0.807013277088663
"307",307,0.749420544214374,0.647220917230699,0.953805413332411,1755.35567798062,2701.69625964624,12875.914023315,8967.99266839506,1,1,1,0.999969926620955,1,1,0.749420544214374,0.647220917230699,0.953805413332411
"308",308,0.691916808762479,0.611048285758067,0.924283218659925,1669.60133326723,2318.72770730043,9971.62883870926,7197.10124837034,1,1,1,1,1,1,0.691916808762479,0.611048285758067,0.924283218659925
"309",309,0.784323822734888,0.683148907361703,0.964837065877137,1584.17350613593,2550.99173654286,13666.5013806539,9579.37966500357,1,1,1,1,1,1,0.784323822734888,0.683148907361703,0.964837065877137
"310",310,0.789938557296918,0.686127059893642,0.966679990400196,1464.11689844575,2390.10640087018,13221.2178641474,9426.87177348433,1,1,1,1,1,1,0.789938557296918,0.686127059893642,0.966679990400196
"311",311,0.770950366060627,0.69589076165262,0.959920130302337,1627.45730162096,2215.88686558242,12668.0866726725,8629.94530454558,1,1,1,1,1,1,0.770950366060627,0.69589076165262,0.959920130302337
"312",312,0.810326601818925,0.684239508146144,0.975759201695092,1430.29642843121,2609.99365501798,14015.7044184127,9800.65921960546,1,1,1,1,1,1,0.810326601818925,0.684239508146144,0.975759201695092
"313",313,0.560359956600907,0.52583438839998,0.828108296343957,2928.64092076588,3238.09025388073,10635.1379817812,7578.23121884383,1,1,1,1,1,1,0.560359956600907,0.52583438839998,0.828108296343957
"314",314,0.730099868948899,0.615968019522174,0.940137257669873,1938.03732646007,3059.23611456164,13390.4554450045,8604.08407739611,1,1,1,1,1,1,0.730099868948899,0.615968019522174,0.940137257669873
"315",315,0.858271677161088,0.706822389679849,0.987768633394043,1429.1495136076,3269.41795107626,18985.9793349459,11571.5104349103,1,1,1,1,1,1,0.858271677161088,0.706822389679849,0.987768633394043
"316",316,0.833840481852349,0.691218410197053,0.980914228204253,1405.6587091052,2941.31457419085,16337.5817191955,10458.0852751859,1,1,1,1,1,1,0.833840481852349,0.691218410197053,0.980914228204253
"317",317,0.662774051655245,0.576931252097394,0.911835706941016,1979.08848029969,2666.33324984734,10176.5786811717,6627.28024848972,1,1,1,1,1,1,0.662774051655245,0.576931252097394,0.911835706941016
"318",318,0.730816816342617,0.655853617769543,0.942439841250984,1892.08706604864,2553.58318561796,12688.8970746072,8048.46703808931,1,1,1,0.999971256108077,1,1,0.730816816342617,0.655853617769543,0.942439841250984
"319",319,0.727867608193698,0.630656836435293,0.944619247303494,1752.86981166753,2602.81296174195,11982.5788636278,7369.87940319714,1,1,1,1,1,1,0.727867608193698,0.630656836435293,0.944619247303494
"320",320,0.769210780142251,0.656817741378037,0.961860683381921,1714.80075387574,2817.34647435482,13935.5178324923,8686.73951904915,1,1,1,1,0.999902584751266,1,0.769210780142251,0.656817741378037,0.961860683381921
"321",321,0.742241693827185,0.637875629577549,0.950196551110638,1733.70346013583,2742.8253871161,12885.3524320239,8362.59786430207,1,1,1,1,0.9999152901313,1,0.742241693827185,0.637875629577549,0.950196551110638
"322",322,0.715031424437154,0.62279219299161,0.939318686948728,2010.52115970647,2907.54286777051,12875.8953986085,8659.87144215917,1,1,1,1,1,1,0.715031424437154,0.62279219299161,0.939318686948728
"323",323,0.736073858011187,0.645701630773328,0.949495710747661,1924.07513256035,2816.88964167591,13334.9206116608,8768.6997205362,1,1,1,1,1,1,0.736073858011187,0.645701630773328,0.949495710747661
"324",324,0.431708962668482,0.488030561154339,0.702595046281897,3998.51139154059,3461.67228088485,10207.7324084274,7210.47543026934,1,1,1,0.985609228550829,0.999711616103357,1,0.431708962668482,0.488030561154339,0.702595046281897
"325",325,0.763535617730441,0.667427407173788,0.956405266636419,1764.93553732389,2683.11606843871,13587.4551783418,9212.338221948,1,0.999888423988842,1,0.999748953974895,0.999358437935844,1,0.763535617730441,0.667498807320503,0.956405266636419
"326",326,0.660330974329917,0.612485973625836,0.898236537005161,2255.94754333214,2676.80149481347,11588.0771586194,8393.13746905064,1,1,1,0.999585181403363,0.999936181754364,1,0.660330974329917,0.612485973625836,0.898236537005161
"327",327,0.716035797786774,0.624533439130784,0.933199064419401,1766.55139352024,2535.47532931119,11330.8875372282,8213.66238562416,1,1,1,0.999832640651586,1,1,0.716035797786774,0.624533439130784,0.933199064419401
"328",328,0.714923285943596,0.635649940806369,0.933728673808684,1644.36742617096,2308.87510404357,10777.3227915151,7420.2268364727,1,1,1,0.999842698043164,1,1,0.714923285943596,0.635649940806369,0.933728673808684
"329",329,0.849857251995727,0.743693703039183,0.983621360418383,1226.7935548764,2315.81154164468,16221.3716250398,10280.7610511725,1,1,1,1,1,1,0.849857251995727,0.743693703039183,0.983621360418383
"330",330,0.815617191149,0.71043210879329,0.974997596974687,1235.23430940055,2136.59860813555,13276.3370846661,8830.49810058623,1,1,1,1,1,1,0.815617191149,0.71043210879329,0.974997596974687
"331",331,0.837646683248599,0.697295036766361,0.982057645979319,1361.69739270731,2878.78201234119,16356.9996307541,11097.5108095917,1,1,1,1,1,1,0.837646683248599,0.697295036766361,0.982057645979319
"332",332,0.733276377645274,0.616392205069622,0.943354523346851,1862.68825628684,2954.89855002891,12773.7908123859,8279.59072285801,1,1,1,1,1,1,0.733276377645274,0.616392205069622,0.943354523346851
"333",333,0.837193720357733,0.689920936464006,0.982768628104719,1378.92424688642,2915.31111129702,16369.2147143601,9757.88976386859,1,1,1,1,0.999970033861736,1,0.837193720357733,0.689920936464006,0.982768628104719
"334",334,0.819947280449487,0.685337615568948,0.977565249755145,1410.91350177427,2779.3741233476,15085.9171739521,9686.25146158566,1,1,1,1,1,1,0.819947280449487,0.685337615568948,0.977565249755145
"335",335,0.827276176697269,0.687465274602165,0.980394760210688,1501.94216954799,3002.41419654133,16357.5364528102,10546.382463297,1,1,1,1,0.999942967947987,1,0.827276176697269,0.687465274602165,0.980394760210688
"336",336,0.770396472601108,0.657203481683621,0.95960314201792,1630.33927216826,2706.73274365832,13544.4721353067,8852.44934423835,1,1,1,1,1,1,0.770396472601108,0.657203481683621,0.95960314201792
"337",337,0.755977325602264,0.630847621155343,0.955339267852468,1986.06706542308,3234.92920826035,14380.011650241,9437.71714538512,1,1,1,1,0.999943045905001,1,0.755977325602264,0.630847621155343,0.955339267852468
"338",338,0.631127032007448,0.55817838557088,0.886468874301352,2370.57100650228,3027.89500216365,11020.7580159238,7113.90847340522,1,1,1,1,1,1,0.631127032007448,0.55817838557088,0.886468874301352
"339",339,0.696592187964972,0.606099169363583,0.92363842168282,1726.13723162562,2531.47470694203,11200.1512726244,7431.56817728632,1,1,1,1,1,1,0.696592187964972,0.606099169363583,0.92363842168282
"340",340,0.657968561373653,0.580057046031629,0.913219087990889,2325.51026577032,3037.31963519289,11553.6540808233,7866.65786336573,1,1,1,1,1,1,0.657968561373653,0.580057046031629,0.913219087990889
"341",341,0.596618301829469,0.560901063822921,0.859899193807947,2432.10409644166,2788.40522939732,10408.8293412622,7275.69229739249,1,1,1,0.999971172417769,1,1,0.596618301829469,0.560901063822921,0.859899193807947
"342",342,0.516996398077195,0.52447592775656,0.800257735488753,2414.85170567267,2440.93718439165,8118.12069974687,5632.21888584779,1,1,1,0.999910305857028,0.999910305857028,1,0.516996398077195,0.52447592775656,0.800257735488753
"343",343,0.721198617751696,0.638632319621053,0.935775388622394,1926.1588338885,2691.43960331997,12563.8759523381,8473.02459556606,1,1,1,0.999864152583818,0.999918491550291,1,0.721198617751696,0.638632319621053,0.935775388622394
"344",344,0.717548459834927,0.65125339743135,0.93652144165993,2032.45072761562,2567.2364415079,11933.2144921705,8339.4087153808,1,1,1,1,0.999970963995354,1,0.717548459834927,0.65125339743135,0.93652144165993
"345",345,0.838339458101508,0.723874916131347,0.980176174937258,1304.08237254343,2498.34082810955,15883.4167965114,10640.9935105316,1,1,1,1,1,1,0.838339458101508,0.723874916131347,0.980176174937258
"346",346,0.784341159150677,0.67133859352323,0.966299733925861,1485.46951239627,2489.4603180272,12996.5071002127,8797.43609486995,1,1,1,1,1,1,0.784341159150677,0.67133859352323,0.966299733925861
"347",347,0.819500729036703,0.687993541888142,0.979533009161235,1338.36300859106,2513.20704265878,13662.8129311065,9018.16787673129,1,1,1,1,1,1,0.819500729036703,0.687993541888142,0.979533009161235
"348",348,0.774958456787196,0.66227187058742,0.96347235763633,1493.27315757755,2435.85915946448,12247.616333185,8065.3154454171,1,1,1,1,1,1,0.774958456787196,0.66227187058742,0.96347235763633
"349",349,0.74535889238947,0.644732247052633,0.948883311982793,1834.69407546845,2772.18060260475,13276.0380136383,8616.00145216932,1,1,1,1,1,1,0.74535889238947,0.644732247052633,0.948883311982793
"350",350,0.796087620116479,0.669975342678673,0.969159620560168,1805.08172114047,3220.99501308333,16760.6556811791,11394.2176588029,1,1,1,1,1,1,0.796087620116479,0.669975342678673,0.969159620560168
"351",351,0.611094243921807,0.514429809441756,0.85346749216978,2728.72852417893,3596.78398531643,11604.6076759614,7864.26627617079,1,1,1,0.999778597785978,0.999630996309963,1,0.611094243921807,0.514429809441756,0.85346749216978
"352",352,0.663955062609456,0.566187109876506,0.898712396257006,1844.60724684983,2642.00146992601,10287.7831154831,7004.25555084234,1,1,1,1,1,1,0.663955062609456,0.566187109876506,0.898712396257006
"353",353,0.686942032850117,0.581933812417333,0.914624683435948,2137.5484281563,3113.88299572412,12177.0386624918,8124.22629957179,1,1,1,1,1,1,0.686942032850117,0.581933812417333,0.914624683435948
"354",354,0.789419590949224,0.654972298015499,0.969919176291316,1610.12054192535,2934.96719985319,14254.3526189152,9358.51618770638,1,1,1,1,1,1,0.789419590949224,0.654972298015499,0.969919176291316
"355",355,0.812351324884074,0.678983724608006,0.976240566584959,1702.12198023724,3218.40135757341,17066.0240139055,10826.9240031351,1,1,1,1,1,1,0.812351324884074,0.678983724608006,0.976240566584959
"356",356,0.775036437595031,0.656195257851125,0.964375271907523,1683.22315672292,2848.84639931353,14127.3910078882,8645.31301658788,1,1,1,1,1,1,0.775036437595031,0.656195257851125,0.964375271907523
"357",357,0.691741449949445,0.599295821304283,0.924519030795172,1936.565964861,2773.1212920851,11469.286320817,7113.11101258747,1,1,1,1,1,1,0.691741449949445,0.599295821304283,0.924519030795172
"358",358,0.731895818895116,0.649532247898962,0.948112780754563,1930.86873880448,2708.46009429322,12967.7890268499,8516.85477665109,1,1,1,1,1,1,0.731895818895116,0.649532247898962,0.948112780754563
"359",359,0.53001099544437,0.520999760084918,0.814960460127365,2277.09599406802,2427.07595013177,7935.97461714054,5261.08728662738,1,1,1,1,1,1,0.53001099544437,0.520999760084918,0.814960460127365
"360",360,0.650786532855838,0.603704637154213,0.89333348620298,2440.96100419151,2952.39377565992,12494.6575402853,8170.301072468,1,1,1,1,0.99996470920384,1,0.650786532855838,0.603704637154213,0.89333348620298
"361",361,0.581199262313083,0.54752993358085,0.84149102938001,2656.29272264507,2957.85460315065,10416.3473602281,7689.67585172229,1,1,1,0.998885038420973,0.999638390839235,1,0.581199262313083,0.54752993358085,0.84149102938001
"362",362,0.569549042414757,0.543883119318892,0.844433049334598,1919.41483298387,2084.82066713731,7254.72993175338,5257.16687272872,1,1,1,1,1,1,0.569549042414757,0.543883119318892,0.844433049334598
"363",363,0.841251433402336,0.742748673122321,0.980607895109964,1209.09761157295,2203.21594169235,15341.8849046334,8894.1077643221,1,1,1,1,1,1,0.841251433402336,0.742748673122321,0.980607895109964
"364",364,0.77872495418985,0.642883728948246,0.957720931344409,1534.89820279648,2842.44541632115,13437.4239043957,9748.36974856566,1,1,1,1,1,1,0.77872495418985,0.642883728948246,0.957720931344409
"365",365,0.816098475981856,0.676586821989349,0.975184626269676,1405.18017124843,2796.14694724535,14838.2473329068,10076.9898863405,1,1,1,1,1,1,0.816098475981856,0.676586821989349,0.975184626269676
"366",366,0.651371048763005,0.562951523675995,0.892831608876798,2384.19485089693,3184.02120354252,11614.0483867262,8311.21650175912,1,1,1,0.999973887612283,1,1,0.651371048763005,0.562951523675995,0.892831608876798
"367",367,0.578606206484702,0.515992438037825,0.831087475416098,3192.26263807241,3777.5677031316,11967.7451097236,8354.43447278311,1,1,1,0.999747755019675,1,1,0.578606206484702,0.515992438037825,0.831087475416098
"368",368,0.793511964839328,0.658780260822489,0.968744308222988,1771.01354410864,3284.79827918833,16432.7788951525,10172.2411749985,1,1,1,1,1,1,0.793511964839328,0.658780260822489,0.968744308222988
"369",369,0.792516011551375,0.659731031174088,0.968295261285026,1561.8818001058,2847.43908131169,14347.3567766984,9050.32926937349,1,1,1,1,0.999940781097326,1,0.792516011551375,0.659731031174088,0.968295261285026
"370",370,0.614991666301771,0.538089886807387,0.88064158501536,2299.53473193994,2920.58479741272,9905.21677287241,6599.33410368073,1,1,1,1,1,1,0.614991666301771,0.538089886807387,0.88064158501536
"371",371,0.763964585768117,0.628926289129317,0.958043455563817,1716.0954237506,2994.22143628021,13317.6502043223,8848.68607425333,1,1,1,1,1,1,0.763964585768117,0.628926289129317,0.958043455563817
"372",372,0.582577030871109,0.525564477177965,0.850023023282265,2021.75569034997,2504.88881631457,8523.40721623087,5605.73413943718,0.999869387755102,0.998008163265306,1,0.99549387755102,0.991738775510204,0.999804081632653,0.582641972139405,0.52657172467914,0.850023023282265
"373",373,0.744023031248268,0.635561434838828,0.954392877965201,2021.89432642711,3103.21958615355,14128.7410928598,8524.28012495242,1,1,1,1,1,1,0.744023031248268,0.635561434838828,0.954392877965201
"374",374,0.766985185369577,0.631637448834738,0.960211486217351,1816.36717541124,3196.41744543116,14386.2619385573,9381.88098852719,1,1,1,1,1,1,0.766985185369577,0.631637448834738,0.960211486217351
"375",375,0.7777904451587,0.647108484083656,0.965109055851788,1841.28291670006,3260.64646147435,15499.4531652861,10381.2784073469,1,1,1,1,0.999975604400966,1,0.7777904451587,0.647108484083656,0.965109055851788
"376",376,0.778442769875913,0.65529912182986,0.966350492983112,1862.50001391609,3195.52556550198,15409.5789173254,10179.3397074109,1,1,1,1,1,1,0.778442769875913,0.65529912182986,0.966350492983112
"377",377,0.743491659869846,0.659362021494852,0.953183873575854,2084.56936503097,2962.82459166632,14603.7072207976,9347.53160314263,1,1,1,1,1,1,0.743491659869846,0.659362021494852,0.953183873575854
"378",378,0.522391400963812,0.525638016998063,0.805139820448829,2229.55350876596,2242.96344295066,7425.28265454326,5580.53795106023,1,1,1,0.999894875164258,1,1,0.522391400963812,0.525638016998063,0.805139820448829
"379",379,0.77428464179334,0.656014573566127,0.963839841901647,1487.55412172027,2488.90424778311,12316.2391896974,8180.65408432777,1,1,1,1,1,1,0.77428464179334,0.656014573566127,0.963839841901647
"380",380,0.795121064024749,0.673006137526511,0.967839478340246,1430.92337627843,2485.20832702224,12971.1780258962,8591.69228527882,1,1,1,1,1,1,0.795121064024749,0.673006137526511,0.967839478340246
"381",381,0.803653340884847,0.678640477309165,0.972245708577387,1334.76551602866,2394.2110608829,12816.8744579105,8431.96950314689,1,1,1,1,1,1,0.803653340884847,0.678640477309165,0.972245708577387
"382",382,0.612239316517762,0.533743596415114,0.875294095907179,2375.8854782718,3065.87489011751,10320.7692102238,7330.28954507334,1,1,1,0.999942767205609,0.999370439261697,1,0.612239316517762,0.533743596415114,0.875294095907179
"383",383,0.805086599719934,0.673380166435935,0.973124456598164,1634.65521596159,3073.03161849387,16090.5108367107,10655.8396619512,1,1,1,1,0.999968882250436,1,0.805086599719934,0.673380166435935,0.973124456598164
"384",384,0.782827477086309,0.655001960790463,0.964462980000188,1435.86123470137,2535.38670973143,13431.5049752303,7969.8639600011,1,1,1,1,1,1,0.782827477086309,0.655001960790463,0.964462980000188
"385",385,0.439375945477472,0.424741126714791,0.729875975477729,2637.12842625136,2716.67817867276,6760.22346625382,4912.51564131093,1,1,1,0.999818862456225,0.999849052046854,0.999969810409371,0.439375945477472,0.424741126714791,0.729875975477729
"386",386,0.704978022150448,0.600021013572794,0.928833144133443,1689.63206697421,2511.33903695038,10668.8540837367,6834.12425174399,1,1,1,1,1,1,0.704978022150448,0.600021013572794,0.928833144133443
"387",387,0.787613545061427,0.652598180185372,0.968837432779302,1650.1177376271,3013.71258000365,14577.6100871852,9631.96764792218,1,1,1,1,1,1,0.787613545061427,0.652598180185372,0.968837432779302
"388",388,0.588468537121221,0.539478973025637,0.853925211567542,2666.81599877608,3118.4774518371,10718.7696023608,7237.34619300184,1,1,1,0.999967484961795,1,1,0.588468537121221,0.539478973025637,0.853925211567542
"389",389,0.764988264078098,0.636132577303742,0.961542541903192,1824.15863686636,3131.01673578464,14302.7366609954,9015.84874881433,1,1,1,1,1,1,0.764988264078098,0.636132577303742,0.961542541903192
"390",390,0.655509577540415,0.568164855354302,0.905786837262774,2116.43025514684,2858.31144025454,10652.2902471704,6729.57248779066,1,1,1,1,1,1,0.655509577540415,0.568164855354302,0.905786837262774
"391",391,0.74636529152821,0.651952009986028,0.948210333303259,1708.0871213583,2582.71595183089,12812.225311458,8034.6087344525,1,1,1,1,1,1,0.74636529152821,0.651952009986028,0.948210333303259
"392",392,0.73644688120881,0.649488613277554,0.944754302626499,1790.15865474627,2612.27353888922,12909.8945321861,8374.07583669291,1,1,1,1,1,1,0.73644688120881,0.649488613277554,0.944754302626499
"393",393,0.745949240536638,0.6613105195588,0.954393408932889,2085.61068747992,2977.43714343938,14682.7431168572,9627.49429537397,1,1,1,1,1,1,0.745949240536638,0.6613105195588,0.954393408932889
"394",394,0.725992600720011,0.648654234691958,0.940334702533023,1610.89002237227,2240.02646162836,11046.8435900183,7491.66180495813,1,1,1,0.999832350722289,0.999161753611445,1,0.725992600720011,0.648654234691958,0.940334702533023
"395",395,0.827983334893484,0.693421854056139,0.978149651260251,1325.15374185733,2720.61293272114,15102.225756972,10336.6993252439,1,1,1,0.999944266406577,1,1,0.827983334893484,0.693421854056139,0.978149651260251
"396",396,0.791565444514322,0.678774969700346,0.962200037137909,1480.16631524022,2519.9710868609,13674.5463143363,8970.10125232584,1,1,1,1,1,1,0.791565444514322,0.678774969700346,0.962200037137909
"397",397,0.78943214213773,0.674131759110069,0.967702047552755,1306.16983755953,2235.77888792308,11779.4582079352,7645.41504260248,1,1,1,1,1,1,0.78943214213773,0.674131759110069,0.967702047552755
"398",398,0.836352264382151,0.714810577939212,0.980745675541515,1351.78359332338,2645.33804164782,16425.1314439573,10338.7674481625,1,1,1,1,1,1,0.836352264382151,0.714810577939212,0.980745675541515
"399",399,0.77210739080195,0.634860456191384,0.963568511030316,1614.83477148765,2885.54057713058,13167.0480374197,8496.22896880577,1,1,1,1,1,1,0.77210739080195,0.634860456191384,0.963568511030316
"400",400,0.797096564159775,0.67354654953492,0.971051711128491,1634.99006107181,2925.57070060539,15552.4654389148,9981.01915060118,1,1,1,1,1,1,0.797096564159775,0.67354654953492,0.971051711128491
"401",401,0.613642150962614,0.54744396100696,0.880590281851742,2014.763487751,2519.20605304111,8950.47914658439,6007.87768082396,1,1,1,1,1,1,0.613642150962614,0.54744396100696,0.880590281851742
"402",402,0.760107906949635,0.629797350972367,0.955296681615959,1686.54271315014,2925.08868592382,13213.1941094877,9023.92252366212,1,1,1,1,1,1,0.760107906949635,0.629797350972367,0.955296681615959
"403",403,0.509779129106595,0.486887878069283,0.779910900690026,3121.56773162117,3315.15477426244,9784.56806614861,6948.7695119115,1,1,1,0.999641728821288,1,1,0.509779129106595,0.486887878069283,0.779910900690026
"404",404,0.782267441165699,0.657869978784579,0.96514608220273,1794.03964525759,3135.20378458485,15609.0950785757,9759.32325024981,1,1,1,1,1,1,0.782267441165699,0.657869978784579,0.96514608220273
"405",405,0.75198218206149,0.635992609774702,0.9550103779834,1885.46425331316,3054.34790395744,14057.1143545606,8940.97122236878,1,1,1,1,1,1,0.75198218206149,0.635992609774702,0.9550103779834
"406",406,0.751924417953954,0.631746644077271,0.950908910518935,1827.22156730258,2979.96257342597,13598.0172940693,8723.61194937056,1,1,1,1,0.999697684261443,1,0.751924417953954,0.631746644077271,0.950908910518935
"407",407,0.458686990136156,0.470778997522784,0.744547000370843,3265.33130361114,3177.17144976083,8980.38692673361,6352.31827823825,1,1,1,1,0.999973525362703,1,0.458686990136156,0.470778997522784,0.744547000370843
"408",408,0.701919065058612,0.595772102637676,0.92053179314167,1953.00212947623,2957.77208142179,12131.6210849347,8956.95556542463,1,1,1,0.999921162589021,0.999973720863007,1,0.701919065058612,0.595772102637676,0.92053179314167
"409",409,0.753977268594638,0.653385301020093,0.954232796401096,1595.69269618961,2408.17779085097,11736.6079902573,7654.41210573938,1,1,1,1,1,1,0.753977268594638,0.653385301020093,0.954232796401096
"410",410,0.821486777200183,0.7132897366737,0.977451299455365,1280.25287793359,2268.74409228108,14012.6663257755,8451.56152852115,1,1,1,1,1,1,0.821486777200183,0.7132897366737,0.977451299455365
"411",411,0.715192676335101,0.619997461257797,0.938784651126602,2192.82780782619,3083.05193664319,12923.6913785075,8905.55571065357,1,1,1,1,0.9999365884591,1,0.715192676335101,0.619997461257797,0.938784651126602
"412",412,0.788149633114473,0.652107613038567,0.969678162312684,1637.12247896285,3011.73358853497,14425.2383197021,9427.77749763274,1,1,1,1,1,1,0.788149633114473,0.652107613038567,0.969678162312684
"413",413,0.80775454899235,0.690681403845619,0.973316127756182,1452.47145027376,2576.39944429711,14569.9650687204,9387.97797772403,1,1,1,1,1,1,0.80775454899235,0.690681403845619,0.973316127756182
"414",414,0.782848055327394,0.649410197579024,0.96671187445057,1780.51542696515,3188.36987063216,15216.8776097463,9836.33229016543,1,1,1,1,1,1,0.782848055327394,0.649410197579024,0.96671187445057
"415",415,0.72785413076028,0.646245224552428,0.944019688174269,1971.38720245867,2700.84820413786,12817.9201155459,8454.51137622151,1,1,1,1,0.999966177365893,1,0.72785413076028,0.646245224552428,0.944019688174269
"416",416,0.716447219308555,0.615294252872938,0.936521560573204,1968.49893164959,2969.89331094608,12808.451853562,8819.73776451045,1,1,1,1,1,1,0.716447219308555,0.615294252872938,0.936521560573204
"417",417,0.56383095908382,0.523790003438765,0.842811464740179,2814.38068928252,3166.49267055729,10249.1695235411,6788.57246736066,1,1,1,0.999320250620641,0.999438467904008,0.999970445679158,0.56383095908382,0.523790003438765,0.842811464740179
"418",418,0.769788092729408,0.642864534001042,0.961968337343209,1958.29313507134,3350.88958879194,15616.7840685196,9886.78251433437,1,1,1,1,1,1,0.769788092729408,0.642864534001042,0.961968337343209
"419",419,0.725722625640731,0.599541419288615,0.93985535313084,2243.67509326911,3637.74991113689,14776.3849067679,9933.77735138505,1,1,1,1,1,1,0.725722625640731,0.599541419288615,0.93985535313084
"420",420,0.592980956844429,0.562157130093358,0.863790420824484,2422.61284068784,2649.23984293328,9606.52407176128,6866.50673247924,1,1,1,0.999917805967287,0.999863009945478,1,0.592980956844429,0.562157130093358,0.863790420824484
"421",421,0.676909289516907,0.591915042126529,0.910326875848814,1592.24268129583,2159.68952417161,8827.52873047443,6171.34411901951,1,1,1,0.998061138757836,0.996703935888322,1,0.676909289516907,0.591915042126529,0.910326875848814
"422",422,0.790524716762965,0.697147084166515,0.966285212542088,1429.98588626058,2246.73145918012,13143.6239242126,8696.94321358965,1,1,1,1,0.999831972309037,1,0.790524716762965,0.697147084166515,0.966285212542088
"423",423,0.542064351639203,0.501204730039373,0.815099308023453,2940.62277267776,3264.82728347921,9937.03190620306,6936.77284745104,1,1,1,0.999972182814543,1,1,0.542064351639203,0.501204730039373,0.815099308023453
"424",424,0.685613753508867,0.594145626784207,0.911479536367513,2289.11453602956,3159.38277369275,12771.0706564307,8390.07087163691,0.999755007043547,0.999632510565321,1,0.996998836283457,0.997396949837692,0.999479389967538,0.685763939617166,0.594341780946766,0.911479536367513
"425",425,0.676174932872607,0.575744462968003,0.915441362236379,2311.44221217888,3286.81102921931,12186.8964313577,8229.36461980351,1,1,1,0.999972008397481,0.99963610916725,1,0.676174932872607,0.575744462968003,0.915441362236379
"426",426,0.726112701592093,0.616423970890677,0.942030484106802,1940.5555645356,2986.42764022117,12877.6090413693,8638.1428964854,1,1,1,1,0.99984946560289,1,0.726112701592093,0.616423970890677,0.942030484106802
"427",427,0.518350373387589,0.503142056939417,0.797140316217716,2774.13480587479,2907.3527544769,8960.10849207048,6319.73260302851,1,1,1,0.997135116619438,0.999096938934388,0.999968859963255,0.518350373387589,0.503142056939417,0.797140316217716
"428",428,0.627485495081393,0.561049121489755,0.877402436178678,2782.36429206306,3427.74515513664,12390.8618696107,8194.73151614631,0.999464487034949,0.999802705749718,0.999830890642616,0.991488162344983,0.995011273957159,0.999098083427283,0.627788460189998,0.561145046890904,0.877544480044782
"429",429,0.719555800724431,0.614894289438304,0.937593458787637,2114.11354882966,3180.89415553113,13717.4765459274,8926.87970108426,1,1,1,1,1,1,0.719555800724431,0.614894289438304,0.937593458787637
"430",430,0.375444341934619,0.403453130646804,0.638386593620329,3173.25700323757,2972.59182327717,7115.86481069255,5469.37614050786,1,1,1,0.987295388250042,0.998866978448484,1,0.375444341934619,0.403453130646804,0.638386593620329
"431",431,0.73559184081778,0.636425730519844,0.946043832349727,1698.87848546688,2532.19648188518,11758.4667975957,7634.29781299942,1,1,1,1,1,1,0.73559184081778,0.636425730519844,0.946043832349727
"432",432,0.705822671178897,0.609394545574428,0.93072474034085,1946.08674924828,2774.27286620386,11721.983667005,7506.64020032008,1,1,1,1,1,1,0.705822671178897,0.609394545574428,0.93072474034085
"433",433,0.777153152530971,0.656402762260052,0.959075582639038,1620.14227739754,2798.31088402593,14171.4325383696,8773.97915163967,1,1,1,1,1,1,0.777153152530971,0.656402762260052,0.959075582639038
"434",434,0.529185652870679,0.488080756525167,0.787063000257212,3065.7761118315,3462.67824862215,10484.1319525169,7280.165403647,1,1,1,0.999587072620162,0.999917414524032,1,0.529185652870679,0.488080756525167,0.787063000257212
"435",435,0.703207509505169,0.574002085404526,0.927139156289064,2120.4562337988,3467.57371398724,13093.2689996934,9011.11300024801,1,1,1,1,0.999971962092749,1,0.703207509505169,0.574002085404526,0.927139156289064
"436",436,0.403537492709844,0.445137917081298,0.678574496579747,3491.86600852806,3139.80139569948,8194.54595564429,5687.61380008008,1,1,1,0.996639784946237,0.999871991807476,1,0.403537492709844,0.445137917081298,0.678574496579747
"437",437,0.575854752816361,0.525398184292991,0.840661048270417,2742.30450406874,3204.15380427888,10570.4942167546,7054.4255437692,1,1,1,0.999937932532663,0.999968966266331,1,0.575854752816361,0.525398184292991,0.840661048270417
